Player,Rk,Tm,Age,Pos,G,GS,Att,Yds,TD,1D,Lng,Y/A,Y/G,Fmb,Year
A.J. Brown,246.5,TEN,24,WR,29,24,5,70,1,3,28.0,12.5,2.3,1,2021
A.J. Feeley,135.0,MIA,27,QB,17,13,26,19,1,2,6.5,0.7,1.1,12,2004
A.J. Green,210.0,CIN,26,WR,44,44,11,93,0,5,15.67,7.03,2.03,6,2014
A.J. Jenkins,242.5,KAN,25,WR,25,3,4,4,0,0,2.5,1.0,0.1,1,2014
A.J. McCarron,158.0,CIN,25,QB,7,3,14,31,0,3,16.0,2.2,4.4,1,2015
AJ Dillon,46.67,GNB,24,RB,45,5,419,1815,14,110,31.0,4.57,38.17,3,2022
Aaron Brown,169.0,DET,26,RB,22,2,45,189,0,9,9.33,2.77,6.13,0,2011
Aaron Hernandez,229.0,NWE,23,TE,38,29,9,97,0,6,14.0,9.9,2.37,1,2012
Aaron Jones,29.5,GNB,26,RB,54,42,651,3364,37,171,61.5,5.28,61.17,6,2020
Aaron Ripkowski,149.5,GNB,25,RB,32,10,39,163,2,12,9.5,3.5,5.1,0,2017
Aaron Rodgers,188.0,GNB,25,QB,23,16,67,254,4,26,12.0,4.2,8.8,13,2008
Ace Sanders,253.0,JAX,22,WR,15,4,2,4,0,1,4.0,2.0,0.3,0,2013
Adam Jennings,280.0,ATL,24,WR,15,0,1,-4,0,0,-4.0,-4.0,-0.3,0,2006
Adam Jones,243.0,TEN,23,RCB,15,15,2,8,0,1,7.0,4.0,0.5,4,2006
Adam Podlesh,260.0,JAX,24,P,16,0,2,-2,0,0,0.0,-1.0,-0.1,1,2007
Adimchinobe Echemandu,142.0,2TM,27,RB,13,0,28,110,0,2,13.0,3.7,7.85,2,2007
Adoree' Jackson,197.0,TEN,22,LCB,16,16,5,55,0,3,20.0,11.0,3.4,1,2017
Adrian Madise,299.0,DEN,23,WR,11,0,1,10,0,1,10.0,10.0,0.9,1,2003
Adrian Peterson,75.36,MIN,25,RB,151,60,1499,7024,58,357,37.18,4.72,42.69,25,2010
Ahmad Bradshaw,54.75,NYG,24,RB,58,12,529,2558,17,120,62.75,5.72,42.15,15,2010
Aldrick Robinson,260.0,WAS,25,WR,31,3,4,10,0,1,11.5,6.35,0.3,0,2013
Alex Armah,177.33,CAR,26,FB,48,4,21,35,3,9,3.67,1.67,0.73,0,2020
Alex Collins,54.67,BAL,24,RB,36,22,357,1509,14,83,31.67,4.07,39.13,9,2018
Alex Green,135.0,NYJ,25,RB,29,4,149,510,0,19,19.33,3.43,14.73,1,2013
Alex Smith,105.33,SFO,23,QB,32,30,87,339,2,21,22.0,4.5,11.1,27,2007
Alexander Mattison,50.75,MIN,24,RB,59,6,404,1670,11,92,30.75,4.15,29.05,2,2022
Alfred Blue,37.75,HOU,26,RB,57,14,523,1908,6,96,40.0,3.7,32.6,4,2017
Alfred Morris,8.0,WAS,27,RB,64,64,1078,4713,29,235,40.5,4.3,73.62,11,2015
Allen Bradford,188.0,TAM,23,RB,1,0,5,13,0,0,4.0,2.6,13.0,0,2011
Alshon Jeffery,162.5,CHI,24,WR,32,30,22,138,0,9,25.0,6.05,4.35,4,2014
Alvin Kamara,23.75,NOR,25,RB,60,35,672,3340,43,196,53.0,5.1,55.85,7,2020
Alvin Pearman,100.5,JAX,24,RB,29,0,58,238,2,12,28.5,4.25,8.05,6,2006
Amani Hooker,324.0,TEN,22,DB,16,3,1,4,0,1,4.0,4.0,0.3,0,2020
Amari Cooper,256.0,2TM,24,WR,61,56,7,21,0,2,4.25,3.25,0.35,6,2018
Ameer Abdullah,117.5,2TM,25,RB,42,22,327,1251,6,63,23.75,3.52,31.82,8,2018
Andre Brown,144.5,NYG,26,RB,14,2,75,384,8,26,15.5,2.4,19.1,0,2012
Andre Caldwell,222.0,CIN,25,WR,38,12,9,73,0,6,13.0,5.3,2.97,5,2010
Andre Ellington,61.5,ARI,27,RB,53,15,398,1697,9,73,44.5,4.5,33.35,4,2016
Andre Johnson,201.0,HOU,25,WR,61,61,18,26,0,6,12.0,1.85,0.47,3,2006
Andre Roberts,220.0,ARI,24,WR,31,31,7,56,0,4,13.5,8.15,1.8,2,2012
Andre Williams,91.75,LAC,25,RB,41,7,332,1090,8,50,26.5,3.45,37.83,1,2017
Andre' Davis,231.67,CLE,25,WR,39,19,9,32,0,1,4.33,1.63,0.6,3,2004
Andrew Luck,77.75,IND,26,QB,55,55,222,1101,12,80,23.25,5.08,21.15,32,2015
Andrew Pinnock,214.67,SDG,26,FB,16,0,14,55,0,4,10.0,4.4,11.53,1,2006
Andrew Walter,162.0,OAK,26,QB,14,9,19,49,0,3,12.5,2.95,6.0,15,2008
Andy Dalton,80.0,CIN,27,QB,64,64,205,624,11,58,16.5,3.12,9.75,15,2014
Andy Isabella,294.67,2TM,26,0,33,3,6,10,0,0,0.33,-0.4,0.23,1,2022
Andy Janovich,238.5,DEN,26,RB,50,19,13,51,3,8,9.0,3.45,1.05,0,2019
Anquan Boldin,197.5,ARI,26,WR,56,55,23,116,0,6,13.75,5.1,1.95,7,2006
Anthony Allen,180.0,BAL,24,RB,21,0,19,69,1,4,11.5,3.25,2.7,0,2012
Anthony Dixon,100.75,SFO,26,RB,64,1,148,458,8,26,15.25,3.02,7.15,0,2013
Anthony McFarland Jr.,192.67,PIT,23,RB,14,0,42,146,0,7,12.33,3.13,13.93,0,2022
Anthony Miller,264.33,CHI,26,WR,47,17,9,37,0,1,5.67,3.1,0.8,4,2020
Anthony Sherman,274.33,KAN,26,RB,47,21,5,14,0,3,3.0,2.83,0.3,1,2014
Anthony Thomas,23.0,CHI,27,RB,51,37,858,3332,21,156,47.0,3.8,64.28,7,2004
Antonio Brown,170.67,PIT,25,WR,45,27,21,69,0,6,11.0,3.3,1.57,5,2013
Antonio Bryant,223.33,CLE,24,WR,48,35,9,43,0,1,9.67,3.23,0.9,4,2005
Antonio Callaway,245.0,CLE,21,WR,16,11,2,7,0,1,15.0,3.5,0.4,1,2018
Antonio Gandy-Golden,315.0,WAS,22,WR,6,2,1,22,0,1,22.0,22.0,3.7,0,2020
Antonio Gibson,19.33,WAS,24,RB,45,30,577,2378,21,137,29.0,4.13,52.67,8,2022
Antonio Pittman,68.5,STL,23,FB,23,5,117,435,0,23,33.5,3.7,18.65,1,2008
Antwaan Randle El,143.5,PIT,26,WR,64,23,54,316,0,17,27.75,5.62,4.95,18,2005
ArDarius Stewart,182.0,NYJ,24,WR,15,2,7,27,0,2,11.0,3.9,1.8,0,2017
Armanti Edwards,274.0,2TM,25,QB,25,0,3,12,0,0,4.0,4.0,0.87,1,2013
Arnaz Battle,204.5,SFO,26,WR,48,23,17,55,0,4,10.75,3.98,1.23,5,2006
Arrelious Benn,190.0,TAM,24,WR,37,24,15,44,0,3,11.67,3.3,1.27,2,2012
Artose Pinner,67.25,MIN,28,RB,40,7,245,812,8,49,16.5,3.33,22.48,1,2006
Ashley Lelie,201.25,DEN,25,WR,64,40,20,172,0,8,21.0,8.48,2.7,0,2005
Ashtyn Davis,331.0,NYJ,26,S,14,0,1,2,0,1,2.0,2.0,0.1,0,2022
Aundrae Allison,247.5,MIN,22,WR,26,0,3,4,0,0,2.0,1.25,0.2,4,2008
Austin Collie,250.0,IND,24,WR,16,5,2,1,0,0,2.0,0.5,0.1,0,2009
Austin Pettis,305.0,STL,23,WR,12,3,1,-6,0,0,-6.0,-6.0,-0.5,2,2011
B.J. Askew,181.0,NYJ,26,FB,55,6,27,102,0,6,9.75,3.65,2.18,0,2006
B.J. Daniels,184.0,2TM,27,QB,8,0,6,6,0,0,6.0,1.0,0.8,0,2015
B.J. Raji,306.0,GNB,25,NT,16,16,1,1,1,1,1.0,1.0,0.1,0,2011
B.J. Sander,294.0,GNB,25,P,14,0,1,-11,0,0,-11.0,-11.0,-0.8,1,2005
Baker Mayfield,101.75,CLE,26,QB,60,59,158,571,5,53,23.75,3.77,9.53,27,2021
Baron Batch,119.0,PIT,25,RB,12,0,25,49,1,4,10.0,2.0,4.1,0,2012
Beanie Wells,34.0,ARI,24,RB,51,23,625,2471,24,116,39.75,3.73,46.05,10,2012
Ben DiNucci,199.0,DAL,24,QB,3,1,6,22,0,2,10.0,3.7,7.3,4,2020
Ben Roethlisberger,87.5,PIT,25,QB,56,55,154,515,8,50,20.75,3.42,9.05,18,2007
Ben Tate,37.0,HOU,25,RB,40,9,421,1992,10,108,47.0,4.67,47.77,10,2013
Ben Troupe,311.0,TEN,25,TE,16,2,1,-1,0,0,-1.0,-1.0,-0.1,0,2007
Ben Watson,315.0,NWE,27,TE,12,8,1,11,0,1,11.0,11.0,0.9,1,2007
Benny Snell Jr.,85.0,PIT,24,RB,63,5,275,982,7,54,19.5,3.6,16.72,3,2022
Bernard Berrian,204.67,CHI,26,WR,42,17,12,64,0,2,22.33,7.17,1.63,3,2006
Bernard Pierce,79.0,JAX,24,RB,52,3,359,1345,5,68,34.5,3.38,22.6,1,2015
Bernard Scott,85.5,CIN,28,RB,47,3,255,1035,4,54,33.25,4.25,21.18,2,2012
Bethel Johnson,244.0,MIN,27,WR,39,8,7,4,0,2,1.33,-2.0,0.17,3,2006
Bilal Powell,82.25,NYJ,26,RB,47,14,332,1296,6,68,19.5,3.48,23.68,2,2014
Bishop Sankey,59.5,TEN,23,RB,29,12,199,762,3,31,19.0,3.9,25.2,4,2015
Blaine Gabbert,162.75,SFO,25,QB,29,27,76,191,0,15,8.5,3.42,6.95,21,2014
Blake Bortles,77.0,JAX,25,QB,62,61,223,1410,7,93,29.25,6.33,22.95,38,2017
Bo Scaife,303.0,TEN,25,TE,14,12,1,13,1,1,13.0,13.0,0.9,1,2006
Bo Scarbrough,129.5,SEA,26,RB,7,5,95,408,1,16,21.0,4.7,46.9,1,2020
Bobby Wade,217.67,2TM,24,WR,42,16,18,91,0,7,7.0,3.37,2.03,13,2005
Boston Scott,64.0,PHI,26,RB,43,10,228,992,13,58,34.67,4.33,23.0,7,2021
Brad Nortman,286.0,CAR,26,P,16,0,1,-1,0,0,-1.0,-1.0,-0.1,0,2015
Brad Smith,138.25,NYJ,26,WR,60,15,60,468,1,31,34.0,7.6,8.15,4,2009
Braden Mann,338.0,NYJ,24,P,10,0,1,4,0,0,4.0,4.0,0.4,0,2021
Bradlee Van Pelt,154.0,DEN,25,QB,3,0,11,48,1,5,11.0,4.4,16.0,0,2005
Brady Quinn,156.0,CLE,25,QB,13,12,25,119,1,12,18.0,4.55,8.4,4,2009
Brandin Cooks,174.0,NWE,24,WR,58,46,30,161,1,9,15.75,5.53,3.2,3,2017
Brandon Aiyuk,228.33,SFO,24,WR,46,44,13,117,2,4,20.67,9.23,2.93,3,2022
Brandon Allen,151.0,DEN,27,QB,3,3,10,39,0,4,11.0,3.9,13.0,0,2019
Brandon Fields,273.0,MIA,24,P,16,0,1,0,0,0,0.0,0.0,0.0,0,2008
Brandon Gibson,228.5,STL,24,WR,29,21,5,44,0,4,12.5,8.65,1.55,0,2011
Brandon Jackson,62.0,GNB,25,RB,52,16,347,1329,7,59,39.5,3.95,24.15,3,2010
Brandon Jacobs,43.5,NYG,26,RB,55,22,555,2620,35,161,31.0,4.25,52.48,11,2008
Brandon Jones,264.0,TEN,26,WR,51,27,6,76,0,3,12.75,10.0,1.65,1,2008
Brandon LaFell,250.67,CAR,27,WR,44,30,6,110,0,3,31.33,26.4,2.57,2,2013
Brandon Manumaleuna,210.0,STL,23,TE,16,15,4,15,0,0,8.0,3.8,0.9,0,2003
Brandon Marshall,233.0,CHI,28,WR,77,61,17,102,0,6,9.8,3.8,1.32,10,2012
Brandon Tate,270.33,CIN,25,WR,34,14,7,73,0,4,11.0,7.8,3.13,5,2012
Brandon Weeden,153.0,2TM,32,QB,34,25,61,201,1,14,12.0,2.62,5.12,15,2015
Braxton Berrios,218.0,NYJ,26,WR,32,3,10,69,2,4,13.0,7.7,2.15,1,2021
Braxton Miller,264.5,HOU,25,WR,21,9,4,1,0,0,1.0,0.5,0.05,0,2017
Braylon Edwards,210.0,CLE,23,WR,16,15,3,7,0,1,8.0,2.3,0.4,0,2006
Breshad Perriman,265.5,CLE,25,WR,26,3,5,4,0,0,4.5,1.25,0.15,0,2018
Brett Hundley,162.0,GNB,24,QB,15,9,39,268,2,21,12.0,3.4,12.0,5,2017
Brian Brohm,219.0,BUF,24,QB,2,1,3,-3,0,0,-1.0,-1.0,-1.5,0,2009
Brian Calhoun,166.0,DET,23,RB,11,0,14,54,0,2,12.0,3.85,5.75,1,2007
Brian Hartline,243.67,MIA,25,WR,44,23,7,65,1,4,18.33,9.93,1.57,1,2011
Brian Hill,95.5,ATL,25,RB,45,3,209,982,3,42,40.0,5.03,19.25,3,2020
Brian Leonard,140.75,CIN,26,RB,43,8,124,455,0,25,22.25,4.22,8.47,1,2010
Brian St. Pierre,219.0,PIT,25,QB,1,0,4,-3,0,1,2.0,-0.8,-3.0,0,2004
Brian Westbrook,43.0,PHI,26,RB,55,35,496,2235,13,111,40.25,4.5,41.92,6,2005
Brock Forsey,98.0,MIA,24,RB,16,2,69,244,2,14,16.0,3.3,14.4,1,2004
Brock Osweiler,172.5,DEN,25,QB,21,7,40,50,1,8,3.75,0.5,1.38,4,2015
Brodie Croyle,190.5,KAN,24,QB,11,6,10,15,0,2,2.5,0.8,0.25,4,2007
Brooks Bollinger,181.5,NYJ,26,QB,12,9,36,137,0,13,8.5,2.95,7.15,3,2005
Bruce Ellington,226.0,HOU,26,WR,37,6,10,52,1,3,11.67,5.8,1.4,5,2017
Bruce Gradkowski,162.5,OAK,26,QB,26,16,67,291,0,21,12.5,3.7,8.45,16,2009
Bruce Miller,191.75,SFO,27,RB,61,42,22,48,0,9,5.0,2.25,0.78,3,2014
Bruce Perry,136.0,PHI,24,RB,2,1,16,74,0,3,11.0,4.6,37.0,0,2005
Bryan Anger,262.0,JAX,25,P,16,0,1,0,0,0,0.0,0.0,0.0,1,2013
Bryan Edwards,323.0,LVR,23,WR,16,12,1,0,0,0,0.0,0.0,0.0,1,2021
Bryant Johnson,268.67,ARI,25,WR,46,23,4,-9,0,0,-0.67,-2.0,-0.2,2,2006
Bryant McFadden,294.0,PIT,25,RCB,16,9,1,-2,0,0,-2.0,-2.0,-0.1,0,2006
Bryce Brown,79.5,SEA,24,RB,42,7,251,1076,7,61,40.5,3.88,24.23,5,2015
Bryce Petty,189.5,NYJ,26,QB,10,7,12,74,0,5,16.5,5.85,8.5,2,2017
Byron Leftwich,99.25,JAX,26,QB,46,44,120,364,8,29,12.75,2.98,7.67,26,2006
C.J. Beathard,148.0,SFO,27,QB,19,12,51,233,4,18,15.33,4.5,11.87,11,2020
C.J. Prosise,174.0,SEA,25,RB,25,2,65,264,2,9,23.5,1.98,10.18,1,2019
C.J. Spiller,38.0,BUF,26,RB,61,31,590,3021,12,117,49.25,4.9,48.83,14,2013
Cadillac Williams,43.75,TAM,26,RB,38,33,632,2417,14,121,39.25,3.8,57.98,9,2008
Calvin Johnson,201.0,DET,25,WR,60,55,18,156,1,11,18.25,7.78,2.68,8,2010
Calvin Ridley,228.33,ATL,26,WR,44,30,13,62,0,4,12.0,7.23,1.47,3,2020
Cam Akers,88.67,LAR,23,RB,29,14,338,1414,9,71,35.0,3.03,34.5,3,2022
Cam Newton,39.75,CAR,25,QB,62,62,467,2571,33,198,49.75,5.47,41.38,27,2014
Cameron Artis-Payne,110.0,CAR,28,RB,32,3,118,491,5,24,25.75,4.25,22.27,0,2018
Cameron Morrah,300.0,SEA,24,TE,9,4,1,1,0,0,1.0,1.0,0.1,0,2011
Cardale Jones,294.0,BUF,24,QB,1,0,1,-1,0,0,-1.0,-1.0,-1.0,0,2016
Carlos Hyde,31.0,SFO,27,RB,50,36,655,2729,21,139,39.5,4.15,56.38,9,2017
Carlton Mitchell,293.0,CLE,22,WR,5,0,1,9,0,0,9.0,9.0,1.8,0,2010
Carson Palmer,105.33,CIN,27,QB,45,45,78,125,2,17,13.0,1.73,2.83,22,2006
Carson Wentz,81.5,PHI,27,QB,56,56,206,785,3,73,18.25,3.65,14.03,48,2019
Cecil Shorts,307.0,JAX,25,WR,14,9,1,-4,0,0,-4.0,-4.0,-0.3,1,2012
Cedric Benson,34.5,CIN,26,RB,47,22,634,2340,12,117,38.75,3.77,49.23,6,2008
Cedric Cobbs,160.5,DEN,25,RB,5,0,25,59,0,3,9.0,2.65,10.6,1,2006
Cedric Houston,49.5,NYJ,24,RB,20,5,194,676,7,36,24.0,3.5,36.0,1,2006
Cedric Peerman,195.33,CIN,26,RB,36,1,41,274,1,10,20.0,4.23,6.5,0,2012
Cedrick Wilson,330.5,SFO,26,WR,31,19,2,2,0,1,1.0,1.0,0.05,1,2004
Cedrick Wilson Jr.,280.0,DAL,26,WR,32,4,5,-1,0,1,2.5,0.75,-0.05,3,2021
CeeDee Lamb,171.33,DAL,23,WR,49,44,29,205,1,12,22.0,7.1,4.23,2,2022
Chad Henne,122.33,MIA,26,QB,33,31,66,196,2,18,14.0,3.67,11.27,10,2011
Chad Jackson,189.0,NWE,21,WR,12,1,4,22,0,2,14.0,5.5,1.8,0,2006
Chad Johnson,208.0,CIN,26,WR,16,16,4,39,0,1,18.0,9.8,2.4,1,2004
Chad Kelly,308.0,DEN,24,QB,1,0,1,-1,0,0,-1.0,-1.0,-1.0,0,2018
Chad Morton,123.0,WAS,26,RB,47,5,88,360,0,16,16.33,3.43,7.8,4,2003
Chad Pennington,199.25,NYJ,27,QB,28,21,52,102,4,14,8.75,3.67,3.25,10,2003
Chad Williams,300.5,ARI,24,WR,16,8,3,42,0,1,21.0,12.75,3.2,0,2018
Chansi Stuckey,263.67,CLE,27,WR,46,10,6,16,1,1,6.0,2.33,0.37,3,2010
Charles Clay,167.0,MIA,24,TE,16,15,7,15,1,2,13.0,2.1,0.9,0,2013
Charles Johnson,282.0,MIN,25,WR,12,6,1,-11,0,0,-11.0,-11.0,-0.9,1,2014
Charles Lee,253.0,TAM,26,WR,8,5,2,14,0,1,8.0,7.0,1.8,0,2003
Charles Rogers,261.0,DET,22,WR,5,5,2,17,0,1,12.0,8.5,3.4,0,2003
Charles Sims,78.75,TAM,27,RB,47,2,245,958,2,43,30.75,3.77,20.85,6,2017
Charlie Frye,176.5,SEA,27,QB,23,20,68,306,4,24,15.25,5.97,10.28,15,2008
Charlie Whitehurst,258.0,SDG,24,QB,2,0,2,13,1,1,14.0,6.5,6.5,0,2006
Chase Claypool,166.67,2TM,24,WR,46,30,33,171,2,14,16.0,5.03,3.77,4,2022
Chase Edmonds,59.5,ARI,25,RB,57,15,333,1551,9,82,38.0,4.57,28.4,4,2021
Chauncey Washington,262.5,DAL,26,RB,8,0,5,8,0,1,2.5,0.65,0.5,0,2011
Chaz Schilens,301.0,OAK,23,WR,16,6,1,-2,0,0,-2.0,-2.0,-0.1,0,2008
Chester Taylor,55.5,BAL,26,RB,62,8,373,1599,4,81,37.0,4.2,25.62,8,2005
Chris Brown,45.0,TEN,25,RB,42,28,541,2295,11,94,34.75,4.1,51.25,12,2006
Chris Carson,31.75,SEA,26,RB,45,44,715,3270,21,192,44.75,4.53,68.25,11,2020
Chris Chambers,196.75,MIA,26,WR,62,53,20,173,0,6,17.5,4.47,2.88,5,2004
Chris Clemons,268.0,MIA,27,SS,16,16,1,3,0,1,3.0,3.0,0.2,0,2012
Chris Cole,242.0,DEN,26,WR,11,0,2,8,0,1,8.0,4.0,0.7,1,2003
Chris Davis,262.5,NYJ,24,WR,14,0,3,22,0,1,8.5,6.25,1.55,6,2007
Chris Givens,227.75,2TM,26,WR,60,31,11,42,0,3,14.5,3.8,0.7,1,2015
Chris Godwin,294.0,TAM,23,WR,14,14,1,8,0,0,8.0,8.0,0.6,0,2019
Chris Henry,186.0,TEN,23,RB,16,0,64,244,4,10,13.5,3.4,10.0,0,2008
Chris Johnson,7.0,TEN,26,RB,63,62,1187,5645,38,238,70.25,4.7,89.5,10,2011
Chris Jones,293.67,DAL,28,P,48,0,3,84,0,3,28.0,28.0,1.77,0,2017
Chris Massey,300.0,STL,24,LS,16,0,1,-1,0,1,-1.0,-1.0,-0.1,0,2003
Chris Moore,250.5,BAL,26,WR,58,5,11,27,0,2,3.75,1.3,0.42,1,2019
Chris Ogbonnaya,130.33,CLE,26,RB,30,5,95,420,1,3,22.33,4.27,17.73,3,2012
Chris Perry,157.67,CIN,25,RB,22,3,73,337,0,20,16.33,3.6,9.97,4,2006
Chris Rainey,117.0,PIT,24,RB,16,0,26,102,2,5,19.0,3.9,6.4,4,2012
Chris Redman,238.0,BAL,26,QB,10,6,13,12,0,3,3.33,0.93,1.1,8,2003
Chris Simms,165.67,TAM,26,QB,19,15,30,52,1,4,8.33,1.8,2.63,9,2006
Chris Thompson,135.67,WAS,26,RB,31,0,106,584,3,24,24.67,5.13,14.97,4,2016
Chris Weinke,142.5,CAR,30,QB,21,16,42,137,6,12,18.0,2.65,5.0,11,2002
Christian Kirk,249.75,ARI,25,WR,56,41,16,142,0,8,16.25,8.38,2.73,1,2021
Christian McCaffrey,34.0,CAR,24,RB,51,45,682,3145,29,146,49.5,4.33,64.38,7,2020
Christian Ponder,124.75,MIN,26,QB,38,36,126,639,7,40,21.0,5.1,15.12,20,2014
Christine Michael,84.25,2TM,26,RB,37,9,254,1080,7,16,36.25,4.47,26.65,3,2016
Ciatrick Fason,110.0,MIN,24,RB,18,0,50,161,5,18,15.0,3.7,12.3,1,2006
Clayton Fejedelem,251.0,CIN,25,DB,16,1,2,6,0,1,6.0,3.0,0.4,1,2018
Cliff Russell,238.0,CIN,25,WR,13,1,3,15,0,2,13.0,5.0,1.2,2,2004
Clinton Portis,9.25,WAS,24,RB,60,56,1258,5930,45,304,58.75,4.78,99.8,16,2005
Clyde Edwards-Helaire,43.0,KAN,23,RB,33,29,371,1622,11,79,33.33,4.33,47.9,2,2022
Clyde Gates,276.5,NYJ,26,WR,26,2,2,16,0,2,8.0,8.0,0.7,0,2012
Cody Kessler,192.33,JAX,25,QB,17,12,31,140,0,10,9.33,2.37,8.77,9,2018
Cody Latimer,246.0,DEN,23,WR,14,1,2,1,0,0,5.0,0.5,0.1,0,2015
Cody Pickett,227.5,SFO,25,QB,6,2,14,47,0,4,8.5,4.1,6.7,4,2005
Cole Kmet,323.0,CHI,23,TE,50,43,4,6,0,1,1.67,0.5,0.1,2,2022
Colin Kaepernick,102.5,SFO,27,QB,48,39,261,1576,10,76,41.75,4.35,25.98,23,2014
Colt McCoy,140.25,SFO,27,QB,28,21,99,357,1,31,13.0,2.8,9.2,12,2013
Cooper Kupp,234.67,LAR,27,WR,39,34,10,62,0,6,11.33,5.53,1.87,4,2020
Cordarrelle Patterson,184.0,MIN,25,WR,64,22,31,333,4,14,37.0,9.62,5.2,4,2016
Corey Coleman,264.0,NYG,24,WR,18,11,3,15,0,0,7.0,5.0,0.8,0,2018
Corey Davis,187.0,TEN,23,WR,16,16,6,55,0,2,39.0,9.2,3.4,1,2018
Correll Buckhalter,37.5,PHI,25,RB,30,11,255,1128,10,61,56.0,4.4,37.6,5,2003
Courtland Sutton,289.0,DEN,24,WR,32,23,4,16,0,1,4.0,2.35,0.5,2,2019
Courtney Roby,270.5,TEN,23,WR,25,6,3,19,0,1,7.0,5.5,0.75,1,2006
Craig Davis,254.5,SDG,24,WR,14,1,4,13,0,0,5.0,3.5,2.35,1,2009
Craig Krenzel,126.0,CHI,23,QB,6,5,18,41,0,4,12.0,2.3,6.8,8,2004
Craig Nall,246.0,GNB,25,QB,6,0,5,5,0,0,4.0,0.65,-0.3,1,2004
Curtis Keaton,162.67,NOR,26,RB,25,0,23,91,0,4,11.0,5.07,3.63,1,2002
Curtis Painter,184.0,IND,26,QB,11,8,20,111,0,7,17.0,3.8,6.95,7,2011
Curtis Samuel,152.25,CAR,24,WR,53,32,72,478,5,23,31.25,9.55,8.75,2,2020
Cyrus Gray,168.67,KAN,25,RB,35,0,24,99,1,5,10.0,4.3,3.1,0,2014
D'Andre Swift,40.33,DET,23,RB,40,16,364,1680,18,80,53.67,4.73,42.1,6,2022
D'Onta Foreman,123.0,TEN,24,RB,17,1,107,421,2,19,18.67,2.8,15.83,3,2020
D.J. Moore,201.0,CAR,24,WR,63,56,29,282,0,14,20.0,9.22,4.45,7,2021
D.K. Metcalf,303.0,SEA,24,WR,33,32,3,17,0,0,6.5,5.75,0.55,4,2021
DJ Chark,252.0,JAX,23,WR,15,14,2,20,0,1,20.0,10.0,1.3,0,2019
Da'Rel Scott,168.33,NYG,25,RB,20,1,31,98,0,5,9.67,2.8,6.13,1,2013
Dak Prescott,73.5,DAL,26,QB,64,64,241,1221,21,99,27.25,5.15,19.08,31,2019
Dalvin Cook,26.5,MIN,25,RB,43,42,769,3661,33,189,62.0,4.72,84.17,12,2020
Damian Williams,319.0,TEN,22,WR,16,1,1,5,0,0,5.0,5.0,0.3,0,2010
Damien Harris,76.5,NWE,25,RB,38,34,449,2094,20,109,37.0,4.25,44.75,3,2022
Damien Nash,155.0,DEN,24,RB,6,0,24,98,0,4,17.0,4.5,16.35,0,2006
Dan Herron,142.0,2TM,26,RB,35,3,112,468,1,19,21.25,3.9,9.25,3,2015
Dan Klecko,251.0,NWE,22,DT,13,1,2,5,0,1,5.0,2.5,0.4,0,2003
Dan Orlovsky,173.0,DET,25,QB,10,7,7,29,0,2,10.0,4.1,2.9,3,2008
Daniel Jones,68.75,NYG,25,QB,54,53,292,1708,12,111,44.25,5.85,30.77,42,2022
Daniel Lasco,152.0,NOR,24,RB,7,0,11,32,0,1,6.0,2.9,4.6,0,2016
Daniel Thomas,51.75,MIA,27,RB,52,3,409,1480,10,65,29.5,3.65,28.23,6,2014
Danny Vitale,330.0,GNB,26,RB,15,4,1,3,0,0,3.0,3.0,0.2,0,2019
Dante Hall,168.33,KAN,25,WR,45,2,29,137,0,10,14.33,4.83,2.93,8,2003
Dante Pettis,316.0,SFO,23,WR,12,7,1,-2,0,0,-2.0,-2.0,-0.2,2,2018
Dante Rosario,302.0,CAR,26,TE,16,6,1,-2,0,0,-2.0,-2.0,-0.1,0,2010
Darius Jackson,191.0,2TM,25,RB,4,0,6,16,0,0,4.0,2.7,4.0,0,2018
Darius Slayton,325.0,NYG,24,WR,29,20,3,-14,0,0,-5.5,-6.75,-0.55,2,2021
Darius Watts,199.0,DEN,23,WR,16,2,5,33,0,2,10.0,6.6,2.1,1,2004
Darnell Mooney,264.0,CHI,25,WR,45,35,11,54,1,3,11.0,4.1,1.13,1,2022
Darnerien McCants,289.0,WAS,26,WR,9,1,1,9,0,0,9.0,9.0,1.0,1,2002
Darrell Henderson,55.25,LAR,25,RB,50,28,396,1742,13,103,28.5,4.22,34.62,0,2022
Darrell Jackson,255.0,SEA,24,WR,45,38,5,11,0,0,4.0,3.0,0.23,5,2002
Darren McFadden,38.5,OAK,24,RB,45,32,553,2627,16,108,51.25,4.6,61.23,13,2011
Darren Sproles,108.33,SDG,25,RB,46,0,106,544,3,23,30.67,5.37,11.6,7,2008
Darren Waller,338.0,OAK,26,WR,4,0,1,21,0,1,21.0,21.0,5.3,0,2018
Darrius Heyward-Bey,232.33,OAK,25,WR,41,39,8,83,0,4,23.33,9.83,2.0,1,2012
Darrynton Evans,193.0,CHI,24,RB,12,0,30,125,0,5,11.67,4.0,9.5,0,2022
Darwin Thompson,109.5,KAN,23,RB,26,1,64,225,2,16,13.0,3.55,8.8,0,2020
Daryl Jones,281.0,NYG,23,WR,13,6,1,4,0,0,4.0,4.0,0.3,1,2002
Daryl Richardson,55.0,STL,23,RB,24,3,167,690,0,34,33.5,3.95,28.3,3,2013
Dave Ragone,187.0,HOU,24,QB,2,2,6,51,0,2,14.0,8.5,25.5,4,2003
Dave Zastudil,314.5,BAL,27,P,32,0,2,-12,0,0,-6.0,-6.0,-0.4,1,2005
David Ausberry,260.0,OAK,24,WR,12,0,1,-2,0,0,-2.0,-2.0,-0.2,0,2011
David Carr,72.5,HOU,26,QB,60,59,215,1040,6,72,25.0,5.0,17.05,52,2005
David Clowney,221.0,NYJ,24,WR,13,3,3,1,0,1,13.0,0.3,0.1,1,2009
David Cobb,80.0,TEN,22,RB,7,1,52,146,1,6,12.0,2.8,20.9,0,2015
David Fales,244.5,MIA,27,QB,3,0,5,8,1,1,1.5,1.0,2.0,1,2017
David Garrard,113.0,JAX,27,QB,15,8,68,387,6,28,27.0,5.8,26.13,5,2005
David Gettis,209.0,CAR,23,WR,15,13,3,2,0,1,19.0,0.7,0.1,0,2010
David Givens,230.0,NWE,25,WR,13,10,2,13,0,0,9.0,6.5,1.0,0,2005
David Johnson,87.6,ARI,27,RB,65,42,689,2787,31,162,33.2,3.3,39.16,15,2018
David Montgomery,12.25,CHI,25,RB,60,51,915,3609,26,205,51.0,3.95,60.58,6,2022
David Moore,242.67,SEA,25,WR,46,14,12,91,0,5,13.0,6.97,1.97,5,2020
David Njoku,303.0,CLE,21,TE,16,5,1,1,0,0,1.0,1.0,0.1,0,2017
David Reed,303.5,BAL,24,WR,24,0,2,31,0,2,15.5,15.5,1.35,3,2011
David Terrell,280.0,CHI,25,WR,32,22,4,14,0,1,12.0,3.65,0.45,2,2004
David Tyree,322.0,NYG,23,WR,16,3,1,-9,0,0,-9.0,-9.0,-0.6,0,2003
David Williams,176.0,JAX,24,RB,6,0,8,36,0,3,15.0,4.5,6.0,0,2018
David Wilson,77.0,NYG,22,RB,21,6,115,504,5,27,35.0,4.15,25.8,3,2013
Dawson Knox,310.0,BUF,23,TE,15,11,1,9,0,1,9.0,9.0,0.6,0,2019
De'Angelo Henderson,215.0,NYJ,26,RB,8,0,9,32,0,2,9.0,5.7,4.45,1,2018
De'Anthony Thomas,212.0,KAN,24,RB,50,6,28,180,2,7,16.5,5.8,3.88,3,2017
DeAndre Washington,73.0,OAK,26,RB,55,5,282,1122,7,60,22.5,3.88,19.82,4,2019
DeAngelo Williams,28.0,CAR,26,RB,58,31,754,3850,30,177,63.0,4.95,65.97,5,2009
DeMarco Murray,18.0,DAL,26,RB,53,47,934,4526,28,235,58.25,4.88,82.67,12,2014
DeSean Jackson,149.0,PHI,25,WR,60,59,51,378,3,18,34.25,7.62,6.3,12,2011
DeShaun Foster,43.67,CAR,25,RB,33,10,377,1563,4,74,54.0,4.13,51.0,5,2005
DeShawn Wynn,144.33,GNB,26,RB,16,4,64,332,5,12,41.0,7.03,18.6,1,2009
DeShone Kizer,130.5,GNB,22,QB,18,15,82,458,5,35,16.0,6.6,20.45,10,2018
DeVier Posey,304.0,HOU,22,WR,11,0,1,-3,0,0,-3.0,-3.0,-0.3,0,2012
Dede Westbrook,181.5,JAX,26,WR,31,20,14,125,0,5,25.5,8.15,3.95,4,2019
Dee Brown,46.0,CAR,24,RB,14,3,102,360,4,20,24.0,3.5,25.7,4,2002
DeeJay Dallas,109.67,SEA,24,RB,44,2,102,432,4,28,18.33,4.23,9.83,2,2022
Deebo Samuel,123.75,SFO,26,WR,51,43,123,782,14,39,35.25,6.6,13.72,9,2022
Deion Branch,253.5,NWE,24,WR,28,19,3,11,0,2,7.5,5.5,0.35,1,2003
Deji Karim,101.33,HOU,27,RB,30,0,110,341,0,21,14.33,3.67,10.87,5,2013
Delanie Walker,247.0,SFO,25,FB,31,10,5,21,0,1,6.5,2.4,0.6,4,2009
Delone Carter,78.5,IND,25,RB,26,3,133,499,5,29,31.0,3.75,17.9,4,2012
Deltha O'Neal,308.0,DEN,26,RCB,13,6,1,0,0,0,0.0,0.0,0.0,2,2003
Demarcus Ayers,235.0,PIT,22,WR,2,1,2,-12,0,0,0.0,-6.0,-6.0,0,2016
Demaryius Thomas,286.0,DEN,24,WR,21,7,3,6,0,0,3.0,2.75,0.3,3,2011
Denard Robinson,76.5,JAX,26,WR,55,13,263,1058,5,42,26.25,3.77,20.12,8,2016
Denarius Moore,258.67,OAK,26,WR,38,27,7,57,1,3,7.0,2.73,1.5,5,2014
Dennis Dixon,212.33,PIT,25,QB,4,3,10,56,1,4,14.67,4.63,13.33,2,2010
Dennis Northcutt,168.5,CLE,26,WR,54,21,32,246,1,10,21.0,8.07,4.53,8,2003
Deon Anderson,220.0,DAL,25,FB,14,5,2,3,0,0,3.0,1.5,0.2,0,2008
Deon Butler,232.0,SEA,24,WR,13,8,2,6,0,0,4.0,3.0,0.5,0,2010
Derek Anderson,127.33,CLE,25,QB,31,27,61,172,3,20,19.67,5.4,6.43,16,2008
Derek Carr,107.25,OAK,26,QB,62,62,124,366,0,30,27.5,3.03,5.88,33,2017
Derek Stanley,306.0,STL,23,WR,13,0,2,5,0,0,2.5,2.5,0.85,3,2008
Derek Watt,211.75,LAC,27,RB,64,13,19,49,1,11,7.5,2.55,0.78,0,2019
Derrick Blaylock,92.67,KAN,25,RB,40,5,156,723,10,44,21.67,4.73,19.3,1,2004
Derrick Henry,25.33,TEN,24,RB,47,16,501,2293,22,119,65.33,4.53,48.47,2,2018
Derrick Ward,66.0,NYG,27,RB,22,5,160,725,3,35,28.0,4.15,42.05,2,2007
Derrick Williams,311.0,DET,23,WR,11,0,1,4,0,0,4.0,4.0,0.4,2,2009
Derrius Guice,89.0,WAS,22,RB,5,1,42,245,2,9,60.0,5.8,49.0,0,2019
Deshaun Watson,66.25,HOU,25,QB,54,53,307,1677,17,111,32.25,5.75,32.02,30,2020
Deuce McAllister,36.0,NOR,26,RB,61,49,961,4194,31,195,65.75,4.67,69.38,16,2004
Devante Mays,211.0,GNB,23,RB,8,0,4,1,0,0,2.0,0.3,0.1,2,2017
Devery Henderson,253.33,NOR,25,WR,44,19,5,43,1,3,11.67,8.67,1.0,0,2007
Devin Duvernay,198.0,BAL,25,WR,46,23,23,204,1,14,26.33,10.53,4.5,2,2022
Devin Hester,178.33,CHI,27,WR,44,20,19,50,0,4,10.67,2.87,1.13,15,2009
Devin Singletary,25.75,BUF,25,RB,61,56,672,3151,16,175,42.0,4.67,52.48,13,2022
Devin Thomas,228.0,WAS,23,WR,30,11,6,51,1,2,15.5,8.5,1.6,0,2009
Devonta Freeman,26.25,ATL,25,RB,61,43,753,3248,30,202,47.25,4.25,53.78,9,2017
Devontae Booker,108.5,DEN,27,RB,61,6,289,1103,6,55,18.75,4.3,18.32,7,2019
Dexter McCluster,123.75,KAN,24,WR,58,23,152,662,1,40,19.0,3.7,10.88,10,2013
Dexter Williams,246.0,GNB,23,RB,7,0,7,19,0,0,5.0,3.1,2.75,0,2020
Dez Bryant,258.75,DAL,25,WR,59,45,5,1,0,0,3.0,0.88,0.03,12,2013
Dez White,249.0,CHI,24,WR,31,25,5,24,0,2,16.5,5.1,0.8,1,2003
Dezmon Briscoe,264.0,WAS,23,WR,7,0,1,1,0,0,1.0,1.0,0.1,0,2012
Dion Lewis,133.5,PHI,22,RB,24,0,36,171,2,11,18.5,4.85,7.25,1,2012
Diontae Johnson,219.5,PIT,26,WR,64,56,19,134,0,5,14.75,7.38,2.1,10,2022
Domanick Williams,15.67,HOU,25,RB,40,36,770,3195,23,144,46.33,4.13,80.5,10,2005
Domenik Hixon,264.0,NYG,24,WR,32,8,3,18,0,2,7.5,2.5,0.55,1,2008
Donald Brown,42.5,IND,25,RB,50,15,449,1840,11,91,48.25,4.05,36.42,1,2012
Donnie Avery,178.0,STL,25,WR,31,28,14,99,1,4,26.0,7.2,3.25,2,2009
Donnie Jones,281.0,MIA,26,P,32,0,2,0,0,0,0.0,0.0,0.0,1,2006
Donnie Nickey,298.0,TEN,26,DB,16,0,1,0,0,0,0.0,0.0,0.0,1,2006
Donovan Peoples-Jones,355.0,CLE,23,WR,17,14,1,2,0,0,2.0,2.0,0.1,1,2022
Dontari Poe,288.0,KAN,25,NT,15,13,1,1,1,1,1.0,1.0,0.1,0,2015
Donte Moncrief,263.5,IND,23,WR,25,9,5,16,0,1,3.0,1.65,0.5,0,2016
Donte' Stallworth,251.5,NOR,25,WR,56,33,11,44,0,1,9.0,2.8,0.72,4,2005
Dorin Dickerson,273.0,BUF,24,TE,11,0,1,-8,0,0,-8.0,-8.0,-0.7,1,2012
Doug Chapman,110.67,MIN,26,RB,26,3,90,317,0,15,17.33,4.23,11.77,2,2003
Doug Gabriel,256.0,OAK,25,WR,30,7,3,12,0,0,4.5,4.25,0.4,2,2005
Doug Martin,20.5,TAM,26,RB,49,49,868,3806,20,174,61.25,4.2,74.85,8,2015
Drew Brees,122.25,SDG,25,QB,43,42,114,317,3,38,17.0,4.5,9.85,16,2004
Drew Carter,230.0,CAR,25,WR,14,2,2,18,0,1,11.0,9.0,1.3,0,2006
Drew Henson,293.0,DAL,24,QB,7,1,1,7,0,1,7.0,7.0,1.0,1,2004
Drew Kaser,299.0,SDG,23,P,16,0,1,0,0,0,0.0,0.0,0.0,1,2016
Drew Lock,131.33,DEN,25,QB,24,21,72,285,5,23,17.0,4.3,11.83,13,2021
Drew Stanton,173.0,DET,26,QB,12,4,30,166,2,11,15.33,5.57,12.17,4,2010
Dri Archer,153.0,PIT,23,WR,12,0,10,40,0,2,15.0,4.0,3.3,0,2014
Duke Johnson,64.5,CLE,25,RB,64,10,299,1286,5,73,25.75,4.42,20.12,8,2018
Durham Smythe,297.0,MIA,26,TE,17,12,2,3,0,2,2.0,1.5,0.2,0,2021
Dustin Colquitt,265.0,KAN,24,P,16,0,1,0,0,0,0.0,0.0,0.0,2,2006
Dustin Keller,290.0,NYJ,25,TE,16,12,1,7,0,0,7.0,7.0,0.4,1,2009
Dwayne Allen,233.0,IND,25,TE,29,28,4,6,0,3,2.0,1.35,0.2,1,2015
Dwayne Bowe,263.0,KAN,26,WR,16,16,1,4,0,0,4.0,4.0,0.3,1,2010
Dwayne Harris,245.0,DAL,27,WR,29,3,5,13,0,0,7.5,3.9,0.45,6,2014
Dwayne Haskins,130.0,WAS,23,QB,16,13,40,147,1,13,21.0,3.7,8.9,12,2020
Dwayne Jarrett,292.0,CAR,21,WR,7,0,1,11,0,1,11.0,11.0,1.6,0,2007
Dwayne Washington,116.25,NOR,25,RB,46,2,145,523,1,21,23.25,4.58,11.62,0,2019
Dwayne Wright,103.0,BUF,24,RB,15,0,29,94,0,6,15.0,3.2,6.3,1,2007
EJ Manuel,132.75,BUF,26,QB,28,17,94,324,4,34,12.75,3.35,10.45,11,2016
Earl Bennett,225.0,CHI,23,WR,14,3,2,9,0,1,5.0,4.5,0.6,1,2010
Early Doucet,235.0,ARI,25,WR,10,5,2,5,0,1,3.0,2.5,0.5,0,2010
Easton Stick,360.0,LAC,25,QB,1,0,1,-2,0,0,-2.0,-2.0,-2.0,0,2020
Eddie Johnson,249.0,MIN,22,P,14,0,2,15,0,1,15.0,7.5,1.1,2,2003
Eddie Lacy,24.25,GNB,26,RB,51,48,788,3435,23,177,41.0,4.47,68.05,8,2016
Eddie Royal,202.75,DEN,25,WR,57,45,25,219,0,11,25.75,7.0,3.8,7,2011
Eddie Williams,257.0,2TM,24,RB,6,0,2,2,0,0,1.0,1.0,0.3,0,2011
Edwin Baker,178.0,NOR,23,RB,6,2,44,173,2,12,11.0,3.0,28.85,0,2014
Eli Manning,121.5,NYG,26,QB,57,55,89,205,2,22,14.0,2.95,3.62,34,2007
Elijah McGuire,52.0,NYJ,24,RB,24,5,180,591,4,29,51.5,3.3,27.1,4,2018
Emmanuel Sanders,302.0,PIT,26,WR,32,17,2,29,0,1,14.5,14.5,0.95,4,2013
Eno Benjamin,88.5,3TM,23,RB,24,3,111,431,3,18,33.0,3.8,17.0,0,2022
Equanimeous St. Brown,316.67,GNB,25,WR,37,10,5,26,0,3,8.33,5.57,0.7,0,2021
Eric Decker,274.0,DEN,24,WR,16,13,1,1,0,0,1.0,1.0,0.1,1,2011
Eric Ebron,278.0,DET,23,TE,13,13,1,1,1,1,1.0,1.0,0.1,0,2016
Eric Shelton,157.0,CAR,23,RB,9,0,8,23,0,1,9.0,2.9,2.6,0,2006
Evan Engram,234.0,NYG,26,TE,50,39,13,83,1,5,10.5,8.15,1.67,1,2020
Evan Royster,152.0,WAS,26,RB,32,2,81,416,2,25,13.33,3.23,20.07,0,2013
Ezekiel Elliott,3.5,DAL,24,RB,56,56,1169,5405,40,314,41.0,4.6,96.85,15,2019
Felix Jones,50.25,DAL,24,RB,48,16,458,2326,8,107,47.5,5.9,47.77,10,2011
Frank Gore,18.25,SFO,25,RB,59,46,939,4441,22,180,57.0,4.67,74.2,18,2008
Frank Moreau,104.5,JAX,25,RB,14,1,75,206,5,20,18.0,3.05,12.65,3,2001
Fred Davis,268.0,WAS,22,TE,11,2,1,-3,0,0,-3.0,-3.0,-0.3,0,2008
Freddie Mitchell,233.0,PHI,23,WR,15,1,2,-4,0,0,12.0,-2.0,-0.3,0,2001
Freddie Swain,224.0,SEA,23,WR,17,8,5,32,0,2,11.0,6.4,1.9,1,2021
Gabriel Davis,311.0,BUF,21,WR,16,11,1,0,0,0,0.0,0.0,0.0,1,2020
Gardner Minshew II,140.0,PHI,26,QB,32,24,112,521,2,33,12.25,3.27,11.88,22,2022
Garrett Wolfe,138.0,CHI,26,RB,50,0,72,282,1,14,26.5,3.7,6.83,1,2010
Gartrell Johnson,152.5,ATL,24,RB,19,0,23,79,0,5,17.0,3.45,4.15,1,2010
Geno Smith,160.5,NYJ,26,QB,33,30,135,647,7,44,21.5,7.65,19.6,17,2016
George Kittle,259.0,SFO,27,TE,38,38,8,49,0,3,12.33,7.63,1.43,1,2020
George Layne,294.33,2TM,26,RB,9,0,3,32,0,2,10.67,10.67,3.5,1,2004
Gerald Everett,283.75,LAR,26,TE,61,11,5,31,1,3,6.75,5.75,0.47,2,2020
Giovani Bernard,32.5,CIN,25,RB,55,12,583,2442,14,117,42.25,4.12,43.75,4,2016
Glen Coffee,55.0,SFO,22,RB,14,2,83,226,1,8,17.0,2.7,16.1,0,2009
Golden Tate,225.75,SEA,25,WR,58,33,13,69,0,4,12.5,5.45,1.12,6,2013
Greg Jones,142.83,HOU,32,RB,90,45,264,873,10,57,10.67,2.55,9.97,1,2013
Greg Little,240.0,CLE,23,WR,32,28,5,30,0,3,15.0,6.25,0.9,0,2012
Greg McElroy,167.0,NYJ,24,QB,2,1,8,30,0,3,15.0,3.8,15.0,1,2012
Greg Salas,303.0,NYJ,26,WR,16,2,2,28,1,2,14.0,14.0,1.65,3,2014
Hakeem Nicks,263.0,NYG,21,WR,14,6,2,8,0,0,9.0,4.0,0.6,2,2009
Harrison Bryant,326.0,CLE,24,TE,17,9,1,8,0,1,8.0,8.0,0.5,0,2022
Harry Douglas,218.0,ATL,27,WR,48,8,15,67,1,4,12.0,2.1,1.4,1,2011
Hayden Hurst,302.0,BAL,25,TE,12,0,1,0,0,0,0.0,0.0,0.0,0,2018
Heath Evans,172.0,SEA,26,FB,61,1,33,108,0,8,7.5,3.73,1.75,2,2004
Henry Ruggs III,218.0,LVR,22,WR,20,19,12,65,0,3,9.5,5.35,3.05,2,2021
Hunter Renfrow,256.0,LVR,26,WR,17,9,3,3,0,0,5.0,1.0,0.2,5,2021
Ingle Martin,247.0,GNB,24,QB,1,0,2,-5,0,0,-2.0,-2.5,-5.0,0,2006
Isaiah Ford,291.0,MIA,23,WR,8,0,1,11,0,1,11.0,11.0,1.4,0,2019
Isaiah McKenzie,198.5,BUF,25,WR,50,16,29,128,2,10,12.25,4.4,3.15,8,2020
Isaiah Pead,193.67,STL,26,RB,27,1,19,78,0,4,11.33,3.3,2.4,3,2015
Ito Smith,154.0,DAL,26,RB,36,0,176,693,7,37,18.5,4.15,15.18,2,2021
J.J. Arrington,92.75,ARI,25,RB,58,8,183,654,3,28,20.75,3.42,11.95,2,2008
J.K. Dobbins,44.0,BAL,24,RB,23,9,226,1325,11,64,58.0,5.85,59.35,2,2022
J.P. Losman,138.75,BUF,26,QB,37,31,91,419,1,34,18.0,5.42,10.88,26,2007
J.R. Redmond,125.25,OAK,26,RB,34,5,173,557,1,21,12.5,2.6,18.48,2,2003
J.T. O'Sullivan,263.0,GNB,25,QB,1,0,2,-2,0,0,-1.0,-1.0,-2.0,0,2004
JJ Nelson,234.5,ARI,26,WR,56,15,12,120,1,5,20.0,8.28,1.95,3,2018
JaMarcus Russell,154.0,OAK,24,QB,31,25,40,175,1,20,15.33,3.57,4.4,25,2009
Jabar Gaffney,231.0,HOU,25,WR,48,36,9,56,0,3,11.0,7.93,1.17,1,2005
Jacob Bell,272.0,TEN,26,LG,16,16,1,-15,0,0,-15.0,-15.0,-0.9,1,2007
Jacob Hester,114.25,SDG,26,RB,62,23,94,319,1,30,16.25,3.5,5.1,4,2011
Jacoby Brissett,115.75,IND,27,QB,38,32,142,564,9,40,18.75,3.1,14.35,18,2019
Jacoby Ford,180.67,OAK,26,WR,38,13,19,201,2,8,35.0,8.77,4.9,10,2013
Jacoby Jones,247.5,HOU,26,WR,59,11,9,23,0,3,6.5,1.38,0.42,9,2010
Jacquizz Rodgers,61.5,ATL,24,RB,63,5,305,1116,5,63,23.0,3.67,17.78,3,2014
Jahvid Best,44.5,DET,22,RB,22,15,255,945,6,41,66.5,3.9,49.85,1,2011
Jake Fromm,187.0,NYG,23,QB,3,2,8,65,0,4,27.0,8.1,21.7,2,2021
Jake Locker,127.0,TEN,26,QB,30,23,95,644,5,39,29.25,6.78,20.02,10,2014
Jake Luton,335.0,JAX,24,QB,3,3,1,13,1,1,13.0,13.0,4.3,2,2020
Jakeem Grant,253.0,MIA,27,WR,52,4,9,23,1,1,5.0,2.83,0.47,8,2019
Jalen Hurts,48.33,PHI,24,QB,45,34,367,1898,26,149,32.33,5.27,42.2,27,2022
Jalen Parmele,223.5,BAL,24,RB,8,0,7,44,0,1,19.0,8.45,14.7,0,2009
Jalen Reagor,219.0,MIN,23,WR,45,24,18,83,0,6,16.0,5.33,1.93,8,2022
Jalston Fowler,236.67,TEN,27,RB,42,7,10,20,2,6,3.0,2.3,0.47,0,2017
Jamaal Charles,65.75,KAN,25,RB,49,19,499,3027,12,145,52.5,6.12,57.55,10,2011
Jamaal Williams,39.25,GNB,25,RB,60,20,500,1985,10,109,28.75,3.98,33.2,0,2020
Jamaar Taylor,325.0,NYG,23,WR,8,0,1,-8,0,0,-8.0,-8.0,-1.0,0,2004
Jamal Agnew,244.75,DET,25,WR,46,2,10,68,0,6,10.5,9.0,1.65,7,2020
Jamal Lewis,6.0,BAL,24,RB,48,44,1004,4757,26,213,67.33,4.67,99.1,22,2003
Jamar Martin,211.0,DAL,23,FB,14,1,4,7,0,2,3.0,1.8,0.5,0,2003
Jameel Cook,248.0,TAM,24,FB,30,11,3,1,0,0,0.5,0.0,0.0,0,2003
Jameis Winston,86.0,TAM,24,QB,56,54,189,794,9,59,17.5,4.2,14.88,38,2018
James Allen,34.0,HOU,27,RB,16,5,155,519,0,22,32.0,3.3,32.4,1,2002
James Casey,267.5,HOU,28,FB,30,16,2,17,0,2,8.5,8.5,0.6,0,2012
James Conner,44.0,PIT,25,RB,50,33,532,2302,22,128,34.25,4.33,46.75,7,2020
James Davis,146.0,2TM,24,RB,9,0,28,75,0,0,9.5,2.45,8.05,0,2010
James Jackson,86.5,2TM,28,RB,44,16,321,1071,5,58,24.0,4.45,25.45,5,2004
James Starks,63.75,GNB,27,RB,35,5,322,1427,5,76,29.75,4.22,39.65,4,2013
James Washington,299.0,PIT,25,WR,15,2,2,13,0,0,12.0,6.5,0.9,0,2021
James White,119.75,NWE,25,RB,47,9,113,431,2,18,11.25,3.75,9.82,0,2017
James Williams,318.0,SEA,22,WR,10,0,1,-5,0,0,-5.0,-5.0,-0.5,0,2000
James Wright,251.0,CIN,25,WR,24,2,5,24,0,3,7.5,3.5,1.1,0,2016
Jamie Harper,133.0,TEN,23,RB,23,0,36,74,4,8,12.5,2.1,3.2,1,2012
Jamison Crowder,215.75,WAS,25,WR,56,28,15,64,0,3,11.25,3.1,1.4,12,2018
Jared Goff,118.0,LAR,25,QB,54,54,112,215,6,21,13.0,1.88,3.75,35,2019
Jarious Jackson,248.67,DEN,26,QB,4,1,7,15,0,1,4.0,3.13,5.17,2,2003
Jarius Wright,259.0,MIN,26,WR,39,11,8,111,0,5,21.33,16.23,2.6,1,2015
Jarrad Page,299.0,KAN,22,DB,16,2,1,4,0,1,4.0,4.0,0.3,0,2006
Jarrett Stidham,207.0,LVR,26,QB,13,2,23,89,0,10,5.33,2.0,5.83,3,2022
Jarrod Baxter,204.5,HOU,25,FB,24,11,9,15,0,2,3.5,1.25,0.5,0,2004
Jarvis Landry,219.0,MIA,25,WR,64,57,26,119,1,9,8.0,0.17,1.88,14,2017
Jason Avant,270.0,PHI,24,WR,15,5,1,1,0,0,1.0,1.0,0.1,0,2007
Jason Campbell,88.67,WAS,27,QB,36,36,107,550,2,38,22.33,5.03,15.2,21,2008
Jason Hill,237.0,SFO,23,WR,16,2,2,5,0,1,9.0,2.5,0.3,1,2008
Jason Huntley,186.0,PHI,23,RB,6,0,18,70,0,3,14.0,3.85,27.4,0,2021
Jason Snelling,90.0,ATL,27,RB,51,3,257,1042,7,70,22.75,3.85,19.23,4,2010
Javarris Williams,189.0,KAN,23,RB,4,0,6,6,0,0,5.0,1.0,1.5,0,2009
Javier Arenas,239.0,KAN,24,DB,31,3,4,17,1,2,6.0,4.5,0.55,3,2011
Javin Hunter,277.0,BAL,22,WR,12,3,1,9,0,0,9.0,9.0,0.8,2,2002
Javon Ringer,141.75,TEN,25,RB,37,0,120,486,3,21,30.0,5.2,11.05,1,2012
Javon Walker,289.5,GNB,25,WR,31,5,3,12,0,1,6.0,5.75,0.4,2,2003
Javon Wims,370.0,CHI,26,WR,13,1,1,2,0,0,2.0,2.0,0.2,0,2020
Javorius Allen,81.0,BAL,27,RB,54,6,340,1249,8,78,26.25,3.55,20.3,3,2018
Jay Ajayi,48.25,PHI,25,RB,42,23,562,2516,13,82,44.25,4.25,53.5,8,2018
Jay Cutler,93.75,CHI,26,QB,53,53,153,596,4,44,22.0,3.5,9.93,33,2009
Jay Prosch,200.5,HOU,24,RB,31,3,10,42,0,6,10.5,3.9,1.35,0,2016
Jaylen Samuels,133.75,HOU,25,RB,45,8,136,468,1,23,11.75,3.05,8.95,2,2021
Jeff Driskel,118.0,DET,26,QB,12,8,47,281,3,17,25.0,6.05,32.35,5,2019
Jeff Dugan,249.0,MIN,26,TE,16,3,2,7,0,2,4.0,3.5,0.4,1,2007
Jeff Faine,281.0,CLE,22,C,9,9,1,0,0,0,0.0,0.0,0.0,3,2003
Jeff Janis,248.0,GNB,25,WR,16,1,2,38,1,2,19.0,19.0,2.4,0,2016
Jeff Locke,277.0,MIN,26,P,16,0,1,-6,0,0,-6.0,-6.0,-0.4,0,2015
Jeff Webb,318.0,KAN,25,WR,16,2,1,5,0,0,5.0,5.0,0.3,2,2007
Jehu Chesson,285.0,WAS,25,WR,12,0,1,-4,0,0,-4.0,-4.0,-0.3,0,2018
Jeremi Johnson,166.75,CIN,26,FB,64,41,41,116,2,9,9.0,2.48,1.82,3,2006
Jeremy Chinn,265.0,CAR,22,RLB,15,15,2,29,0,1,28.0,14.5,1.9,0,2020
Jeremy Hill,34.25,CIN,25,RB,54,43,704,2873,29,160,52.5,3.9,48.1,9,2017
Jeremy Kerley,199.0,NYJ,26,WR,58,23,18,133,0,3,16.5,7.88,2.2,8,2014
Jeremy Langford,88.67,ATL,27,RB,29,5,219,762,10,41,17.67,3.2,25.1,2,2018
Jeremy Maclin,257.33,PHI,23,WR,44,42,6,30,0,3,4.67,3.17,0.63,2,2011
Jeremy McNichols,177.5,TEN,25,RB,17,0,49,208,1,9,13.5,3.15,8.4,0,2020
Jerick McKinnon,45.5,MIN,25,RB,58,14,474,1918,7,82,54.25,4.3,34.33,3,2017
Jerious Norwood,51.75,ATL,26,RB,55,6,373,1987,7,85,52.75,5.2,35.48,3,2009
Jerome Felton,177.5,2TM,25,RB,56,19,42,136,0,11,6.75,2.98,2.33,1,2011
Jerome Harrison,84.5,CLE,26,RB,47,8,271,1310,6,62,43.75,5.2,25.45,3,2009
Jerome Simpson,306.0,CIN,24,WR,5,3,1,2,0,0,2.0,2.0,0.4,2,2010
Jerrel Jernigan,270.0,NYG,25,WR,26,4,4,61,1,1,17.67,10.83,1.17,2,2014
Jerricho Cotchery,212.0,NYJ,25,WR,47,32,11,67,0,4,10.0,5.53,1.47,3,2007
Jerry Jeudy,264.0,DEN,23,WR,25,19,6,43,0,4,8.5,5.75,1.5,1,2022
Jerry Porter,251.33,OAK,25,WR,41,16,7,29,0,0,7.0,6.0,0.77,1,2003
Jesse Palmer,254.5,NYG,25,QB,8,3,5,20,0,2,11.5,1.4,1.15,2,2003
Jim Sorgi,171.0,IND,27,QB,13,0,26,-8,0,2,3.0,-0.4,-0.7,2,2007
Jimmy Clausen,114.0,CAR,23,QB,13,10,23,57,0,3,11.0,2.5,4.4,9,2010
Jimmy Garoppolo,161.5,SFO,26,QB,23,7,40,21,1,7,6.5,0.3,0.82,3,2017
Jimmy Graham,276.0,NOR,24,TE,15,5,1,3,0,1,3.0,3.0,0.2,1,2010
Joe Adams,209.0,CAR,23,WR,9,0,3,13,0,0,5.0,4.3,1.4,4,2012
Joe Burrow,89.67,CIN,26,QB,42,42,152,517,10,62,19.33,3.4,12.57,20,2022
Joe Flacco,85.75,BAL,26,QB,64,64,169,408,4,48,23.75,2.35,6.4,39,2011
Joe Hamilton,274.0,TAM,23,QB,1,0,1,-2,0,0,-2.0,-2.0,-2.0,1,2000
Joe McKnight,94.33,NYJ,24,RB,39,1,112,502,0,22,30.0,4.63,13.93,6,2012
Joe Mixon,19.0,CIN,24,RB,50,41,812,3359,20,175,37.75,4.03,67.62,4,2020
Joe Reed,220.0,LAC,22,WR,11,0,5,29,1,1,8.0,5.8,2.6,0,2020
Joe Webb,191.33,MIN,26,QB,17,3,41,273,4,16,26.67,4.23,12.33,2,2012
Joey Harrington,116.25,DET,27,QB,58,55,109,345,0,23,16.0,2.6,5.83,21,2005
Joey Iosefa,155.0,NWE,24,RB,2,0,15,51,0,2,15.0,3.4,25.5,0,2015
John Beck,160.0,MIA,26,QB,5,4,9,12,1,4,8.0,1.3,2.4,7,2007
John Brown,248.5,ARI,27,WR,56,27,8,36,0,3,8.75,6.33,0.7,2,2017
John Conner,158.5,NYJ,24,FB,32,8,21,88,2,8,14.5,4.45,2.8,0,2011
John Hightower,322.0,PHI,24,WR,13,4,1,1,0,0,1.0,1.0,0.1,0,2020
John Kelly,211.0,CLE,25,RB,12,0,32,96,0,7,8.0,4.07,8.03,0,2021
John Ross,254.33,CIN,24,WR,24,19,8,25,0,0,8.0,5.2,1.73,2,2019
John Skelton,158.0,ARI,24,QB,20,17,42,182,0,15,10.67,3.6,8.83,11,2012
Johnathan Franklin,126.0,GNB,24,RB,11,0,19,107,1,7,51.0,5.6,9.7,2,2013
Johnnie Lee Higgins,240.67,OAK,26,WR,47,10,7,58,0,2,15.0,7.77,1.23,9,2009
Johnny Knox,284.0,CHI,24,WR,16,16,1,2,0,0,2.0,2.0,0.1,1,2010
Johnny Manziel,133.0,CLE,23,QB,14,8,46,259,1,12,22.0,4.7,15.7,7,2015
Johnny Townsend,336.0,OAK,23,P,16,0,1,42,0,1,42.0,42.0,2.6,0,2018
Johnny White,165.5,2TM,24,RB,19,0,20,72,0,1,11.0,3.75,4.05,0,2012
Jon Alston,257.0,OAK,25,LB,14,4,1,22,0,1,22.0,22.0,1.6,0,2008
Jonathan Dwyer,100.75,PIT,24,RB,36,6,230,971,2,47,36.75,4.7,26.65,2,2013
Jonathan Smith,283.5,BUF,24,WR,16,1,3,12,0,1,4.5,3.25,0.65,1,2005
Jonathan Stewart,26.75,CAR,24,RB,62,13,725,3500,26,175,47.0,4.83,56.42,10,2011
Jonathan Taylor,11.0,IND,23,RB,43,41,756,3841,33,215,70.33,5.0,87.57,8,2022
Jonathan Wells,83.25,HOU,26,RB,60,18,374,1167,10,61,18.75,3.17,18.65,5,2005
Jonathan Williams,145.67,IND,25,RB,23,1,79,329,2,19,23.0,2.77,11.53,2,2019
Jonnu Smith,254.5,TEN,25,TE,31,28,6,82,1,3,30.0,10.75,2.6,0,2020
Jordan Akins,300.5,HOU,29,TE,26,8,2,7,0,2,3.5,3.5,0.25,2,2021
Jordan Howard,15.0,PHI,25,RB,57,48,897,3895,30,221,46.0,4.35,67.12,5,2019
Jordan Love,256.0,GNB,24,QB,10,1,13,26,0,1,4.5,0.65,2.1,3,2022
Jordan Palmer,296.0,CIN,24,QB,3,0,1,4,0,0,4.0,4.0,1.3,0,2008
Jordan Poyer,289.0,CLE,24,DB,14,4,1,10,0,1,10.0,10.0,0.7,0,2015
Jordan Reed,294.0,WAS,23,TE,9,4,1,18,0,1,18.0,18.0,2.0,0,2013
Jordan Scarlett,215.0,CAR,23,RB,9,0,4,9,0,0,6.0,2.3,1.0,0,2019
Jordan Todman,133.33,JAX,24,RB,33,3,111,450,3,22,33.67,3.97,11.87,0,2014
Jordan Wilkins,70.67,IND,26,RB,45,4,195,951,4,44,43.33,5.1,21.13,2,2020
Joseph Addai,22.0,IND,26,RB,58,42,861,3525,34,211,27.0,4.05,59.9,4,2009
Joseph Randle,71.33,DAL,24,RB,35,8,181,822,9,34,40.33,4.6,28.83,3,2015
Josh Allen,45.5,BUF,26,QB,126,125,879,4781,61,384,34.62,5.42,38.3,83,2022
Josh Doctson,278.0,WAS,25,WR,16,14,1,-14,0,0,-14.0,-14.0,-0.9,0,2017
Josh Freeman,83.25,TAM,24,QB,57,56,192,902,4,82,22.75,4.67,15.88,37,2012
Josh Huff,243.5,2TM,25,WR,22,2,5,22,0,1,8.5,5.4,1.05,1,2016
Josh Jacobs,7.25,LVR,24,RB,60,59,1072,4740,40,255,48.25,4.4,78.7,8,2022
Josh Johnson,160.33,TAM,25,QB,26,5,37,254,0,13,19.0,7.53,11.87,8,2011
Josh Malone,292.5,NYJ,24,WR,15,7,3,14,0,1,8.0,6.5,1.6,0,2020
Josh McCown,147.25,ARI,26,QB,33,22,94,429,3,26,15.0,8.38,13.3,28,2005
Josh Morgan,223.0,SFO,25,WR,32,26,7,78,0,5,16.5,10.35,2.45,2,2010
Josh Reed,263.67,BUF,25,WR,44,23,6,34,0,2,6.33,3.07,0.7,1,2005
Josh Reynolds,269.67,LAR,25,WR,48,23,8,36,0,4,9.0,4.53,0.73,2,2020
Josh Robinson,145.0,IND,23,RB,10,0,34,78,0,0,8.0,2.3,7.8,2,2015
Josh Rosen,181.0,MIA,22,QB,20,16,26,151,0,8,19.5,5.15,6.05,11,2019
Josh Scobey,103.0,ARI,25,RB,12,0,27,89,0,7,10.0,3.3,7.4,1,2004
Joshua Dobbs,237.5,PIT,25,QB,6,0,6,31,0,3,11.5,6.4,11.1,0,2020
Joshua Kelley,78.0,LAC,25,RB,37,1,213,743,4,41,23.0,3.5,19.2,3,2022
Jourdan Lewis,259.0,DAL,23,DB,15,1,2,12,0,0,7.0,6.0,0.8,0,2018
JuJu Smith-Schuster,329.0,PIT,22,WR,16,13,1,13,0,1,13.0,13.0,0.8,1,2018
Julian Edelman,222.75,NWE,26,WR,48,13,12,72,0,5,17.75,5.7,1.75,6,2012
Julio Jones,233.0,ATL,25,WR,49,48,14,94,0,9,11.25,5.58,1.93,5,2014
Julius Jones,21.5,DAL,26,RB,53,51,885,3484,18,164,51.5,3.95,70.85,8,2007
Justice Hill,103.67,BAL,25,RB,43,0,119,547,2,27,23.67,4.73,12.2,2,2022
Justin Blackmon,249.5,JAX,23,WR,20,18,3,22,0,2,5.5,5.25,0.55,1,2013
Justin Fargas,98.5,OAK,26,RB,52,7,258,1016,2,49,32.75,4.5,18.5,3,2006
Justin Forsett,56.33,SEA,26,RB,48,7,278,1287,7,59,29.67,4.33,26.83,4,2011
Justin Green,195.0,BAL,23,FB,12,4,5,4,0,0,4.0,0.8,0.3,0,2005
Justin Griffith,124.25,ATL,26,FB,60,48,81,378,1,20,16.25,4.65,6.12,4,2006
Justin Herbert,79.0,LAC,24,QB,49,49,172,683,8,65,30.0,3.93,14.0,17,2022
Justin Jackson,84.5,LAC,25,RB,43,7,206,1040,4,55,42.75,5.25,25.1,1,2021
Justin Jefferson,260.0,MIN,23,WR,50,48,11,40,1,3,7.67,3.43,0.77,2,2022
Justin McCareins,270.33,NYJ,26,WR,48,27,5,26,0,2,9.0,6.5,0.53,5,2004
K.J. Osborn,310.5,MIN,25,WR,34,18,4,16,0,3,7.5,6.0,0.5,1,2022
KJ Hamler,233.5,DEN,23,WR,20,4,11,63,0,3,14.5,7.95,3.2,2,2022
Ka'Deem Carey,99.67,CHI,24,RB,37,1,111,443,2,28,16.67,4.0,12.1,1,2016
Kaelin Clay,220.0,2TM,25,WR,13,2,3,27,0,0,29.0,9.0,2.1,3,2017
Kalen Ballage,93.75,PIT,26,RB,52,8,213,665,7,49,28.25,3.35,14.2,2,2021
Kareem Hunt,30.5,CLE,25,RB,51,35,694,3171,23,161,40.75,4.47,58.2,4,2020
Karlos Williams,51.0,BUF,22,RB,11,3,93,517,7,25,41.0,5.6,47.0,2,2015
Ke'Shawn Vaughn,129.67,TAM,25,RB,37,1,79,342,2,22,28.67,4.1,9.8,1,2022
Kealoha Pilares,303.0,CAR,24,WR,8,0,1,17,0,1,12.0,17.0,2.1,0,2012
Keary Colbert,257.0,CAR,23,WR,16,16,1,6,0,0,6.0,6.0,0.4,1,2005
KeeSean Johnson,304.0,ARI,23,WR,10,4,1,3,0,0,3.0,3.0,0.3,1,2019
Keenan Burton,207.0,STL,24,WR,13,1,3,8,0,0,5.0,2.7,0.6,0,2008
Keith Ellison,271.0,BUF,24,LLB,16,14,1,6,0,1,6.0,6.0,0.4,0,2008
Keith Null,196.0,STL,24,QB,4,4,5,6,0,0,3.0,1.2,1.5,3,2009
Keith Tandy,309.0,TAM,23,DB,9,0,1,18,0,1,18.0,18.0,2.0,0,2012
Keke Coutee,239.5,HOU,22,WR,15,6,5,14,1,2,6.5,3.5,0.8,1,2019
Kellen Clemens,174.0,NYJ,26,QB,24,9,44,119,1,11,7.75,2.05,3.67,7,2009
Kelley Washington,326.5,CIN,25,WR,32,5,2,4,0,0,2.0,2.0,0.1,0,2004
Ken Dorsey,195.5,SFO,24,QB,11,10,9,18,0,1,4.5,2.1,2.3,7,2005
Kendall Hunter,53.33,SFO,25,RB,43,1,262,1202,7,60,38.33,4.67,28.57,2,2013
Kendall Wright,248.33,TEN,26,WR,39,25,10,75,0,3,18.33,6.97,1.97,2,2015
Kenjon Barner,134.67,PHI,27,RB,31,0,61,260,2,15,13.33,3.47,7.73,2,2016
Kenneth Darby,133.0,STL,28,RB,41,1,95,408,2,22,21.25,4.4,10.03,1,2010
Kenneth Dixon,59.5,BAL,24,RB,18,0,148,715,4,50,28.5,4.95,43.65,3,2018
Kenny Golladay,288.5,DET,25,WR,26,18,2,17,0,0,8.5,8.5,0.65,1,2018
Kenny Stills,259.5,NOR,22,WR,31,17,4,8,0,0,1.0,0.65,0.25,1,2014
Kenyan Drake,51.0,2TM,25,RB,62,24,456,2175,17,106,61.25,4.88,35.83,7,2019
Kerrith Whyte Jr,115.0,PIT,23,RB,6,0,24,122,0,5,21.0,5.1,20.3,0,2019
Kerryon Johnson,57.0,DET,23,RB,34,16,283,1225,8,63,35.0,4.17,41.93,3,2020
Kerwynn Williams,111.67,ARI,25,RB,21,0,98,545,3,25,34.33,6.2,29.53,2,2016
Keshawn Martin,241.0,NWE,25,WR,25,9,5,59,0,3,13.5,9.65,2.0,2,2015
Kevan Barlow,29.25,SFO,25,RB,60,18,715,3033,21,152,49.5,4.33,50.27,10,2004
Kevin Boss,272.0,NYG,25,TE,15,15,1,16,0,1,16.0,16.0,1.1,0,2009
Kevin Curtis,230.8,STL,28,WR,78,19,12,62,2,7,9.4,5.4,0.82,7,2006
Kevin Hogan,161.0,CLE,25,QB,8,1,18,176,1,9,19.5,10.1,22.05,1,2017
Kevin Huber,287.0,CIN,27,P,32,0,2,-1,0,0,-0.5,-0.5,-0.05,1,2012
Kevin Jones,27.5,DET,25,RB,53,49,761,3067,24,154,50.0,3.98,57.17,11,2007
Kevin Kasper,241.33,ARI,26,WR,30,8,7,34,0,0,10.67,2.87,0.93,1,2003
Kevin Kolb,175.75,PHI,26,QB,19,7,36,64,1,7,8.0,0.9,1.85,9,2010
Kevin O'Connell,215.0,NWE,23,QB,2,0,3,-6,0,0,-2.0,-2.0,-3.0,0,2008
Kevin Smith,49.5,DET,25,RB,42,29,561,2212,16,112,34.75,4.08,47.9,6,2011
Kevin Walter,312.0,HOU,25,WR,16,2,1,3,0,1,3.0,3.0,0.2,1,2006
Kevin White,328.0,CHI,24,WR,4,4,1,9,0,0,9.0,9.0,2.3,0,2016
Kirk Cousins,177.25,WAS,27,QB,30,25,40,104,5,14,12.0,3.88,4.1,15,2015
Knile Davis,87.75,2TM,25,RB,57,2,250,805,11,41,21.0,2.8,12.9,7,2016
Knowshon Moreno,40.75,DEN,25,RB,44,30,604,2430,16,125,28.75,4.17,52.58,9,2012
Kolby Smith,90.67,KAN,25,RB,27,9,162,540,3,33,16.67,2.9,16.0,0,2009
Koren Robinson,222.25,SEA,24,WR,57,52,17,87,0,5,11.25,4.28,1.4,5,2004
Kris Wilson,274.5,KAN,26,FB,30,13,4,13,0,1,5.5,4.15,0.4,2,2007
Kurt Kittner,171.0,ATL,23,QB,7,4,8,13,0,3,7.0,1.6,1.9,0,2003
Kyle Boller,100.0,BAL,25,QB,41,34,128,351,2,28,13.25,2.52,7.88,31,2006
Kyle Johnson,205.0,DEN,27,FB,16,14,4,9,1,3,4.0,2.3,0.6,0,2005
Kyle Juszczyk,219.5,BAL,25,RB,32,18,7,25,1,3,6.0,2.95,0.8,0,2016
Kyle Lauletta,310.0,NYG,23,QB,2,0,1,-2,0,0,-2.0,-2.0,-1.0,0,2018
Kyle Orton,143.67,CHI,26,QB,33,33,53,92,3,13,9.33,1.2,1.97,20,2008
Kyle Williams,241.67,2TM,25,WR,34,9,8,76,0,1,15.67,10.93,2.23,3,2013
Kyler Murray,53.5,ARI,25,QB,57,57,381,2204,23,128,45.5,5.75,38.35,35,2022
La'Mical Perine,133.5,NYJ,23,RB,14,0,72,263,2,19,17.0,3.75,15.5,0,2021
LaBrandon Toefield,96.25,JAX,26,RB,43,2,150,545,6,28,22.5,3.35,11.68,1,2006
LaDainian Tomlinson,5.5,SDG,25,RB,63,63,1363,5899,54,321,61.25,4.33,93.58,19,2004
LaMichael James,152.67,2TM,25,RB,17,0,44,193,0,12,17.33,3.77,13.4,3,2014
LaMont Jordan,64.75,NYJ,26,RB,62,0,262,1277,10,72,44.75,5.15,20.68,5,2004
LaRod Stephens-Howling,108.75,ARI,25,RB,57,10,182,651,5,25,31.5,3.62,11.72,1,2012
Lac Edwards,279.0,NYJ,24,P,16,0,1,0,0,0,0.0,0.0,0.0,1,2016
Ladell Betts,52.0,WAS,26,RB,48,2,321,1271,5,67,22.25,3.98,26.9,5,2005
Lamar Gordon,68.25,PHI,25,RB,40,15,225,772,3,49,17.75,3.23,20.4,9,2005
Lamar Jackson,29.0,BAL,24,QB,58,49,615,3673,21,224,41.75,5.92,63.67,37,2021
Lamar Miller,34.75,MIA,24,RB,61,48,638,2930,19,137,64.75,4.62,46.67,5,2015
Lance Kendricks,291.0,STL,23,FB,15,10,1,-8,0,0,-8.0,-8.0,-0.5,1,2011
Landry Jones,191.5,PIT,27,QB,15,4,11,-9,0,0,0.0,-0.85,-0.6,1,2016
Larry Fitzgerald,165.5,ARI,22,WR,32,32,16,55,0,5,12.5,3.45,1.75,1,2005
Larry Johnson,42.5,KAN,27,RB,48,28,892,4205,47,232,39.25,4.65,73.38,7,2006
Latavius Murray,27.0,OAK,26,RB,45,31,543,2278,20,119,62.0,4.4,50.4,7,2016
Laurence Maroney,45.25,NWE,24,RB,45,14,582,2430,21,139,40.5,4.0,49.73,5,2009
Laurent Robinson,256.0,STL,25,WR,14,11,2,-14,0,0,-5.0,-7.0,-1.0,0,2010
Laveranues Coles,174.5,WAS,26,WR,61,51,28,201,0,11,18.0,7.17,3.2,2,2003
Laviska Shenault Jr.,166.0,CAR,24,WR,43,26,38,197,1,9,23.0,5.33,4.7,1,2022
Lawrence Vickers,171.33,CLE,25,FB,44,23,28,76,0,16,6.33,2.23,1.8,0,2008
Le'Ron McClain,94.0,BAL,26,FB,63,54,314,1185,12,92,30.5,3.27,18.62,5,2010
Le'Veon Bell,16.0,PIT,24,RB,47,47,908,4045,26,225,52.5,4.5,87.42,5,2016
LeSean McCoy,20.5,PHI,24,RB,58,44,835,3866,30,205,55.5,4.58,67.28,9,2012
Lee Evans,197.0,BUF,24,WR,32,26,9,123,0,5,43.5,13.25,3.85,1,2005
Lee Suggs,109.5,MIA,26,RB,29,3,269,1074,4,54,32.75,3.77,31.02,8,2006
Legedu Naanee,224.0,SDG,27,WR,25,10,6,5,0,1,7.5,0.8,0.15,1,2010
LenDale White,38.5,TEN,25,RB,58,18,628,2349,24,127,36.25,3.77,38.4,7,2009
Leon Washington,55.0,NYJ,27,RB,55,13,370,1782,13,70,41.5,4.95,34.5,11,2009
Leonard Fournette,25.75,TAM,25,RB,49,39,763,2998,23,150,60.5,3.83,59.98,3,2020
Leonard Hankerson,241.0,WAS,23,WR,16,5,2,5,0,0,3.0,2.5,0.3,0,2012
Leonard Henry,82.0,MIA,26,RB,6,2,46,141,0,5,53.0,3.1,23.5,1,2004
Leonte Carroo,283.0,MIA,24,WR,9,0,1,14,0,1,14.0,14.0,1.6,0,2018
Lex Hilliard,126.5,MIA,27,RB,32,4,39,130,2,14,11.0,3.25,4.1,0,2011
Logan Woodside,201.0,TEN,26,QB,11,0,13,4,0,1,8.5,0.2,0.25,0,2021
Lorenzo Booker,108.5,PHI,24,RB,17,2,48,178,0,10,15.0,3.6,11.6,0,2008
Lorenzo Taliaferro,184.67,BAL,25,RB,19,0,82,339,5,19,12.67,2.63,12.73,1,2016
Louis Murphy,240.25,CAR,25,WR,57,24,14,146,1,7,21.5,15.68,2.88,3,2012
Luke McCown,166.0,TAM,26,QB,10,7,18,142,0,9,21.0,7.0,14.2,5,2007
Lynn Bowden Jr.,171.0,MIA,23,WR,10,4,9,32,0,3,11.0,3.6,3.2,0,2020
Madison Hedgecock,273.33,NYG,27,FB,48,26,3,2,0,1,0.67,0.67,0.03,0,2008
Malcolm Johnson,293.0,CLE,24,TE,7,1,1,2,0,0,2.0,2.0,0.3,1,2016
Malcolm Perry,252.0,MIA,23,WR,9,2,3,5,0,1,6.0,1.7,0.6,1,2020
Marc Bulger,117.0,STL,26,QB,22,22,41,62,5,8,14.5,0.75,1.55,10,2003
Marc Mariani,296.0,TEN,24,WR,16,0,1,4,0,0,4.0,4.0,0.3,1,2011
Marcus Mariota,80.25,TEN,25,QB,56,55,218,1270,11,82,47.25,6.0,22.65,31,2018
Marcus Murphy,180.33,BUF,27,RB,25,1,60,291,0,9,18.33,3.57,21.23,4,2018
Mario Manningham,289.5,NYG,24,WR,23,8,2,-10,0,0,-5.0,-5.0,-0.8,1,2010
Marion Barber III,28.25,DAL,25,RB,60,16,715,3052,36,187,35.5,4.3,50.55,13,2008
Marion Grice,144.0,ARI,23,RB,10,0,15,41,1,3,8.0,2.7,4.1,0,2014
Mark Andrews,304.0,BAL,26,TE,17,9,1,0,0,0,0.0,0.0,0.0,1,2021
Mark Clayton,167.0,BAL,26,WR,46,35,21,84,2,5,18.67,4.43,1.87,0,2008
Mark Ingram,33.75,NOR,25,RB,50,21,582,2426,20,128,32.75,4.25,48.58,4,2014
Mark Sanchez,105.5,NYJ,26,QB,62,62,125,342,12,43,16.75,2.62,5.5,43,2012
Mark Walton,109.0,MIA,22,RB,21,4,67,235,0,16,14.5,3.1,15.55,1,2019
Markus Wheaton,220.0,PIT,23,WR,16,11,4,19,0,1,12.0,4.8,1.2,0,2014
Marlon Mack,76.25,IND,24,RB,41,23,539,2383,20,149,41.25,4.85,51.3,3,2020
Marqise Lee,228.75,JAX,26,WR,53,29,15,99,0,6,11.25,8.35,1.98,2,2017
Marques Colston,278.0,NOR,26,WR,16,14,1,6,0,0,6.0,6.0,0.4,2,2009
Marques Hagans,264.0,KAN,26,WR,6,1,3,-2,0,0,0.0,0.0,0.0,2,2008
Marques Tuiasosopo,249.67,OAK,24,QB,8,1,9,20,0,0,2.67,1.07,1.83,2,2003
Marquez Valdes-Scantling,260.67,GNB,26,WR,48,32,8,51,0,3,13.0,7.43,1.07,1,2020
Marquise Brown,314.33,ARI,25,WR,44,40,3,7,0,1,2.33,2.33,0.17,4,2022
Marquise Goodwin,218.0,BUF,24,WR,22,1,6,21,0,2,14.5,3.5,0.95,2,2014
Marshawn Lynch,21.5,2TM,24,RB,57,48,852,3338,23,126,48.0,3.88,58.9,11,2010
Martavis Bryant,201.33,PIT,26,WR,36,16,14,71,1,2,11.67,5.03,2.03,1,2017
Marvin Jones,193.67,CIN,25,WR,43,21,16,145,0,9,33.67,10.13,3.5,0,2015
Mason Rudolph,177.67,PIT,26,QB,17,10,33,89,0,9,13.33,3.9,9.83,5,2021
Matt Barkley,208.33,CHI,26,QB,11,6,12,0,0,0,1.33,-0.23,-0.13,7,2016
Matt Cassel,172.0,NWE,26,QB,30,15,85,298,3,27,12.0,2.67,6.4,11,2008
Matt Dodge,271.0,NYG,23,P,16,0,1,0,0,0,0.0,0.0,0.0,1,2010
Matt Flynn,175.75,GNB,26,QB,34,2,31,19,1,4,5.0,0.6,0.7,3,2011
Matt Forte,11.0,CHI,26,RB,60,60,1014,4233,21,190,56.25,4.22,71.35,12,2011
Matt Jones,133.6,IND,24,RB,55,12,262,1000,6,62,24.0,1.52,21.66,11,2017
Matt Leinart,158.75,ARI,26,QB,29,17,46,90,2,12,10.75,1.65,3.25,11,2009
Matt Mauck,175.0,TEN,26,QB,2,1,7,39,0,2,12.0,5.6,19.5,1,2005
Matt Ryan,87.75,ATL,26,QB,62,62,168,359,4,43,14.0,2.12,5.72,20,2011
Matt Schaub,157.0,HOU,26,QB,49,13,41,175,0,14,16.25,4.45,3.77,10,2007
Matthew Dayes,193.0,CLE,23,RB,16,0,5,13,0,1,4.0,2.6,0.8,0,2017
Matthew Slater,304.0,NWE,24,WR,14,0,1,6,0,0,6.0,6.0,0.4,0,2009
Matthew Stafford,137.0,DET,24,QB,45,45,81,323,7,27,15.75,3.83,6.83,17,2012
Maurice Jones-Drew,23.25,JAX,24,RB,63,20,842,3924,49,211,64.25,4.75,62.1,11,2009
Maurice Morris,82.25,SEA,26,RB,58,3,171,806,1,44,32.0,4.85,13.8,3,2005
Maurice Stovall,255.0,TAM,21,WR,9,2,2,29,0,2,18.0,14.5,3.2,0,2006
Maxx Williams,251.5,BAL,24,TE,24,14,5,14,0,4,5.5,2.85,0.55,1,2018
Mecole Hardman,216.5,KAN,24,WR,57,26,20,125,2,10,19.5,6.42,2.4,8,2022
Melvin Gordon,13.75,LAC,25,RB,55,51,897,3628,28,210,49.0,4.1,66.35,10,2018
Mewelde Moore,80.75,MIN,25,RB,54,11,264,1285,1,60,24.5,5.33,24.23,6,2007
Michael Bennett,37.25,MIN,26,RB,48,43,587,2701,9,107,42.25,4.5,53.62,7,2004
Michael Burton,207.5,CHI,25,RB,32,10,8,11,0,3,4.5,1.4,0.35,0,2017
Michael Bush,41.33,OAK,26,RB,45,10,376,1665,14,69,52.33,4.43,37.23,3,2010
Michael Campanaro,216.33,BAL,26,WR,20,0,10,131,1,6,22.33,13.63,10.5,4,2017
Michael Clayton,205.5,TAM,25,WR,56,36,16,95,0,7,16.0,5.15,1.75,5,2007
Michael Cox,164.0,NYG,26,RB,18,1,26,76,0,2,13.0,5.15,5.7,0,2014
Michael Crabtree,271.0,SFO,25,WR,31,30,2,14,0,0,7.0,7.0,0.45,0,2012
Michael Dickson,288.0,SEA,22,K,16,0,1,9,0,1,9.0,9.0,0.6,0,2018
Michael Floyd,274.0,ARI,25,WR,16,14,1,2,0,0,2.0,2.0,0.1,3,2014
Michael Jenkins,290.0,ATL,24,WR,32,16,2,4,0,0,2.0,2.0,0.1,0,2006
Michael Lewis,291.0,NOR,32,WR,29,1,2,17,0,1,8.5,8.5,0.55,8,2003
Michael Pittman Jr.,249.0,IND,25,WR,46,41,11,100,0,4,21.67,9.17,2.17,3,2022
Michael Robinson,135.5,SFO,26,WR,62,2,86,289,2,20,18.75,2.77,4.65,2,2009
Michael Thomas,329.0,NOR,26,WR,16,15,1,-9,0,0,-9.0,-9.0,-0.6,1,2019
Michael Turner,75.0,SDG,25,RB,59,1,228,1257,6,52,65.0,5.47,21.68,2,2007
Michael Vick,65.75,ATL,24,QB,43,36,304,2223,13,126,45.5,7.53,49.75,35,2004
Michael Wiley,104.33,DAL,24,RB,42,1,80,503,1,24,38.33,6.2,11.57,4,2002
Mike Anderson,35.25,DEN,30,FB,59,36,626,2808,24,155,54.5,4.3,45.6,9,2003
Mike Davis,85.75,SEA,25,RB,35,9,234,862,5,46,22.75,3.1,22.57,1,2018
Mike Gillislee,100.67,BUF,26,RB,23,2,154,865,11,51,36.67,4.97,32.97,2,2016
Mike Glennon,135.5,TAM,25,QB,19,18,37,86,0,7,17.5,3.15,5.5,9,2014
Mike Goodson,87.0,OAK,25,RB,36,3,160,722,3,27,33.0,4.3,17.6,7,2012
Mike Green,116.5,TEN,26,RB,31,3,36,142,1,8,16.5,4.05,4.55,1,2002
Mike Hart,140.33,IND,24,RB,21,1,71,264,2,16,19.0,3.83,12.0,1,2010
Mike James,137.67,TAM,25,RB,23,3,83,351,0,19,14.0,3.87,15.03,0,2016
Mike Kafka,230.0,PHI,24,QB,4,0,3,0,0,0,2.0,0.0,0.0,0,2011
Mike Karney,178.0,NOR,26,FB,63,38,31,69,3,14,6.25,2.2,1.12,0,2007
Mike McMahon,173.0,DET,25,QB,20,7,48,291,4,18,17.5,6.93,14.7,11,2004
Mike Scifres,306.0,SDG,26,P,16,0,1,-7,0,0,-7.0,-7.0,-0.4,1,2006
Mike Thomas,179.5,2TM,25,WR,61,32,34,268,0,11,22.25,7.12,4.38,6,2012
Mike Wallace,197.5,PIT,26,WR,63,48,20,151,0,10,18.5,7.55,2.38,5,2012
Mike White,225.0,NYJ,26,QB,4,3,5,-1,0,2,2.0,-0.2,-0.3,0,2021
Mike Williams,305.6,LAC,26,WR,76,59,11,34,1,2,5.0,2.0,0.44,2,2020
Mikel Leshoure,133.0,DET,23,RB,17,14,217,807,9,47,10.5,4.1,30.0,3,2013
Miles Sanders,22.0,PHI,25,RB,57,49,739,3708,20,165,56.25,5.08,65.2,9,2022
Mitchell Trubisky,88.0,CHI,26,QB,51,50,190,1057,8,67,38.25,5.53,20.8,27,2020
Mohamed Massaquoi,291.5,CLE,24,WR,31,25,2,-6,0,0,-3.0,-3.0,-0.2,2,2010
Mohamed Sanu,187.25,CIN,26,WR,57,34,26,153,2,8,16.75,5.35,2.58,3,2015
Montario Hardesty,59.0,CLE,25,RB,23,5,153,537,1,18,22.0,3.6,23.7,3,2012
Montee Ball,59.5,DEN,24,RB,21,3,175,731,5,44,34.0,3.9,34.65,4,2014
Moran Norris,308.0,HOU,26,FB,12,4,1,0,0,0,0.0,0.0,0.0,0,2004
Musa Smith,130.67,BAL,24,RB,32,0,57,232,2,13,18.0,3.9,6.97,2,2006
Myles Gaskin,80.0,MIA,25,RB,38,17,361,1355,7,61,23.25,3.48,29.98,4,2022
N'Keal Harry,230.5,NWE,23,WR,21,14,7,49,0,4,10.0,4.9,3.5,1,2020
Najeh Davenport,72.5,GNB,26,RB,39,2,217,1068,7,51,45.75,4.7,26.15,7,2005
Nat Berhe,268.0,NYG,26,DB,15,0,1,2,0,1,2.0,2.0,0.1,0,2017
Nate Burleson,202.0,MIN,24,WR,28,24,8,43,0,4,4.5,2.6,1.3,1,2005
Nate Sudfeld,289.0,PHI,25,QB,3,0,3,20,0,1,10.5,10.5,10.5,0,2018
Nathan Peterman,228.0,LVR,26,QB,9,4,18,82,1,6,14.0,5.77,9.1,2,2020
Nehemiah Broughton,252.0,WAS,23,FB,4,0,1,3,0,0,3.0,3.0,0.8,0,2005
Neil Rackers,301.0,CIN,24,K,16,0,1,-5,0,0,-5.0,-5.0,-0.3,0,2000
Nelson Agholor,226.0,PHI,25,WR,47,40,9,53,0,4,9.33,6.83,1.1,2,2018
Nick Chubb,10.5,CLE,26,RB,58,51,908,4816,36,226,77.25,5.33,83.62,6,2021
Nick Foles,144.67,STL,26,QB,26,25,44,130,2,16,12.67,3.1,5.43,17,2015
Nick Harris,292.0,DET,26,P,16,0,1,-7,0,0,-7.0,-7.0,-0.4,0,2004
Nick Scott,327.0,LAR,24,DB,16,0,1,6,0,0,6.0,6.0,0.4,0,2019
Nick Toon,303.0,NOR,26,WR,8,2,1,4,0,0,4.0,4.0,0.5,1,2014
Niles Paul,302.5,WAS,23,WR,29,6,2,6,0,1,3.0,3.0,0.2,1,2012
Noah Brown,306.0,DAL,24,WR,16,1,1,4,0,0,4.0,4.0,0.3,0,2020
Noah Fant,227.0,DEN,22,TE,16,11,3,-12,0,0,-2.0,-4.0,-0.8,1,2019
Noah Herron,76.5,GNB,24,RB,23,0,85,273,3,7,18.0,3.35,13.5,2,2006
Nyheim Hines,69.0,IND,25,RB,65,12,282,1169,9,73,25.25,4.17,18.0,5,2021
Odell Beckham Jr.,243.5,NYG,25,WR,47,44,10,55,0,3,8.25,6.25,1.43,6,2017
Olabisi Johnson,305.0,MIN,22,WR,16,6,1,6,0,0,6.0,6.0,0.4,0,2019
Omar Easy,205.0,KAN,27,FB,15,0,4,1,0,0,4.0,0.3,0.1,0,2004
Onterrio Smith,40.5,MIN,24,RB,26,9,231,1123,7,47,42.5,4.9,44.05,3,2004
Oren O'Neal,296.0,OAK,26,FB,4,0,1,0,0,0,0.0,0.0,0.0,0,2009
Ovie Mughelli,138.0,BAL,26,FB,16,8,12,50,0,4,12.0,4.2,3.1,1,2006
Owen Marecic,209.0,CLE,23,RB,14,4,4,8,0,1,3.0,2.0,0.6,1,2011
Owen Schmitt,201.5,PHI,26,FB,31,6,9,27,0,1,9.0,2.85,0.9,0,2011
Parris Campbell,229.67,IND,25,WR,26,21,11,108,0,5,19.67,9.37,5.43,4,2022
Pat O'Donnell,290.0,CHI,23,P,16,0,1,-12,0,0,-12.0,-12.0,-0.8,1,2014
Pat White,122.0,MIA,23,WR,13,0,21,81,0,4,33.0,3.9,6.2,1,2009
Patrick Crayton,259.0,DAL,26,WR,11,0,1,0,0,0,0.0,0.0,0.0,3,2005
Patrick Mahomes,103.5,KAN,25,QB,46,46,172,808,6,56,20.5,4.0,15.78,17,2020
Patrick Pass,200.25,NWE,26,FB,49,3,29,119,0,5,10.5,5.38,3.98,0,2003
Patrick Peterson,252.0,ARI,23,LCB,48,48,7,34,0,3,9.67,3.93,0.7,14,2013
Patrick Ramsey,151.0,WAS,26,QB,33,24,45,83,2,7,12.25,1.57,2.1,25,2005
Paul Perkins,92.67,DET,25,RB,29,5,165,575,0,30,16.33,2.9,16.03,1,2019
Paul Richardson,318.0,SEA,24,WR,15,0,1,5,0,1,5.0,5.0,0.3,0,2016
Paul Smith,176.25,DET,25,RB,43,0,42,194,1,10,11.5,4.58,4.47,3,2003
Paxton Lynch,176.0,DEN,23,QB,5,4,16,55,0,3,10.5,4.15,11.65,4,2017
Percy Harvin,120.0,MIN,24,WR,54,43,107,683,4,37,27.75,6.47,12.22,6,2012
Peter Warrick,146.5,CIN,26,WR,62,54,50,341,2,16,37.75,5.65,5.55,9,2003
Peyton Hillis,62.75,CLE,25,RB,52,31,512,2161,20,120,26.0,4.3,41.2,11,2011
Pharoh Cooper,280.5,2TM,24,WR,29,2,2,8,0,1,4.0,4.0,0.3,3,2019
Philip Rivers,168.5,SDG,26,QB,36,32,82,76,1,17,5.75,-0.05,0.55,22,2007
Phillip Dorsett,240.0,NWE,25,WR,57,11,10,63,0,5,10.5,6.25,1.12,3,2018
Pierre Garcon,233.67,IND,25,WR,44,43,8,44,0,4,15.33,5.0,0.97,3,2011
Plaxico Burress,274.0,PIT,26,WR,16,16,1,-7,0,0,-7.0,-7.0,-0.4,1,2003
Qadree Ollison,200.0,ATL,25,RB,19,0,44,158,5,14,9.33,3.43,6.8,2,2021
Quentin Griffin,49.0,DEN,23,RB,16,5,179,656,2,30,35.0,3.7,43.15,6,2004
Quentin McCord,242.5,ATL,25,WR,16,2,4,13,0,0,4.5,3.25,0.9,0,2003
Quenton Nelson,319.0,IND,23,LG,16,16,1,0,0,0,0.0,0.0,0.0,0,2019
Quez Watkins,323.0,PHI,24,WR,34,20,4,4,0,0,3.5,1.65,0.15,1,2022
Quincy Carter,92.75,NYJ,27,QB,38,34,152,518,3,46,15.25,3.05,12.7,22,2004
Quincy Enunwa,281.0,NYJ,24,WR,16,13,1,12,0,1,12.0,12.0,0.8,0,2016
Quincy Morgan,238.0,2TM,27,WR,63,52,10,53,0,1,15.0,6.5,0.82,6,2004
Quincy Wilson,262.0,CIN,25,RB,3,0,2,2,0,0,5.0,1.0,0.7,0,2006
Quinn Johnson,202.0,TEN,26,FB,16,8,4,5,0,2,3.0,1.3,0.3,0,2012
Quinten Lawrence,260.0,KAN,25,WR,6,1,2,42,0,2,26.0,21.0,7.0,0,2009
Quinton Ganther,114.5,WAS,25,RB,21,4,71,262,3,15,17.5,5.0,14.9,0,2009
Quinton Patton,291.33,SFO,25,WR,26,4,3,51,0,1,17.0,17.0,3.2,1,2015
R. Jay Soward,215.0,JAX,22,WR,13,2,3,28,0,1,20.0,9.3,2.2,3,2000
Randall Cobb,186.25,GNB,24,WR,52,28,27,252,0,9,27.75,9.65,6.1,10,2014
Randy Fasani,114.0,CAR,24,QB,4,1,18,95,0,6,19.0,5.3,23.8,2,2002
Randy McMichael,292.0,MIA,23,TE,16,16,1,8,0,0,8.0,8.0,0.5,1,2002
Rashaad Penny,82.25,SEA,25,RB,37,6,280,1572,11,65,41.25,5.0,38.28,1,2021
Rashad Jennings,61.0,JAX,27,RB,38,9,224,944,7,48,41.0,4.5,25.7,3,2012
Rashad Johnson,244.0,ARI,26,DB,15,3,2,64,0,2,40.0,32.0,4.3,0,2012
Rashard Higgins,286.0,CLE,23,WR,15,4,1,4,0,0,4.0,4.0,0.3,1,2017
Rashard Mendenhall,37.5,PIT,24,RB,51,44,813,3367,29,160,47.5,3.92,56.33,6,2011
Rasheed Marshall,281.0,SFO,24,WR,12,0,1,-7,0,0,-7.0,-7.0,-0.6,4,2005
Ray Rice,16.25,BAL,24,RB,61,49,959,4377,24,181,59.75,4.55,70.05,6,2011
Ray-Ray McCloud,261.0,PIT,25,WR,42,8,8,84,0,1,25.0,8.6,1.8,8,2021
Reagan Maui'a,215.0,MIA,23,FB,16,9,4,5,0,0,3.0,1.3,0.3,1,2007
Reche Caldwell,214.0,SDG,26,WR,47,14,13,103,0,5,11.75,7.15,3.25,6,2005
Reggie Brown,229.25,PHI,27,WR,58,43,10,71,1,4,9.5,6.55,1.17,2,2008
Reggie Bush,45.0,NOR,24,RB,52,35,488,1940,17,104,34.5,4.17,38.0,17,2009
Reggie McNeal,295.0,CIN,23,QB,7,0,1,8,0,1,8.0,8.0,1.1,0,2006
Reggie Wayne,329.0,IND,26,WR,16,16,1,-4,0,0,-4.0,-4.0,-0.3,0,2004
Reggie Williams,245.67,JAX,24,WR,47,27,10,44,0,5,9.33,4.73,0.93,6,2007
Reuben Droughns,159.33,DEN,25,RB,40,7,40,97,1,5,12.0,2.5,3.2,0,2003
Rex Burkhead,144.33,CIN,26,RB,41,1,87,375,3,25,9.67,2.87,8.27,2,2016
Rex Grossman,158.0,CHI,26,QB,22,22,38,49,1,8,10.0,1.4,5.27,13,2006
Richard Rodgers,293.0,GNB,23,TE,16,12,1,11,0,1,11.0,11.0,0.7,0,2015
Richie James,258.0,SFO,24,WR,16,1,2,-1,0,0,0.0,-0.5,-0.1,1,2019
Riley Dixon,290.0,NYG,25,P,16,0,1,14,0,1,14.0,14.0,0.9,0,2018
Rishard Matthews,282.5,MIA,26,WR,25,11,2,7,0,0,3.5,3.5,0.3,1,2015
Rob Gronkowski,278.0,NWE,22,TE,16,16,1,2,1,1,2.0,2.0,0.1,0,2011
Rob Housler,279.0,ARI,26,TE,15,7,1,1,0,1,1.0,1.0,0.1,1,2014
Robert Ferguson,283.0,GNB,24,WR,15,12,1,-8,0,0,-8.0,-8.0,-0.5,0,2003
Robert Griffin III,60.67,WAS,24,QB,37,35,244,1480,8,81,41.67,5.7,37.17,32,2014
Robert Herron,277.0,TAM,22,WR,8,0,1,0,0,0,0.0,0.0,0.0,0,2014
Robert Hunt,345.0,MIA,26,OL,17,17,1,0,0,0,0.0,0.0,0.0,1,2022
Robert Meachem,226.33,NOR,26,WR,46,17,11,116,1,6,23.0,12.4,2.47,2,2010
Robert Thomas,153.0,DAL,28,FB,15,9,10,31,0,2,14.0,3.1,2.1,0,2002
Robert Turbin,65.0,2TM,26,RB,58,3,281,1127,1,42,20.0,4.0,19.48,2,2015
Robert Woods,299.67,BUF,24,WR,41,33,4,22,0,2,6.33,4.67,0.53,2,2016
Rock Cartwright,153.5,WAS,26,FB,60,3,139,632,6,48,24.0,4.62,10.3,4,2005
Rod Gardner,251.0,WAS,27,WR,48,45,5,24,0,3,9.33,6.43,0.5,2,2004
Roddy White,261.67,ATL,27,WR,48,38,7,14,0,1,5.33,1.0,0.33,5,2008
Rohan Davey,220.5,NWE,26,QB,6,0,6,-5,0,0,0.5,-1.15,-1.15,0,2004
Ron Dayne,28.67,NYG,24,RB,48,12,533,1888,15,114,47.0,3.53,39.33,4,2002
Ron Dixon,239.5,NYG,25,WR,27,0,3,13,0,1,6.0,3.25,0.55,2,2001
Ronald Curry,281.0,OAK,25,WR,28,5,2,-3,0,0,-1.5,-1.5,-0.15,2,2004
Ronald Jones II,53.0,TAM,24,RB,55,25,488,2174,18,109,46.5,3.85,36.73,7,2021
Rondell Mealey,141.0,GNB,25,RB,14,1,22,73,1,4,13.5,3.35,7.7,0,2002
Ronnie Brown,27.25,MIA,27,RB,51,46,781,3433,23,180,58.5,4.5,70.33,9,2008
Ronnie Hillman,45.5,DEN,24,RB,48,14,453,1845,12,97,39.75,4.05,38.4,8,2015
Roscoe Parrish,244.0,BUF,26,WR,55,6,9,44,1,2,12.0,4.7,0.7,7,2008
Roy Helu,108.0,WAS,26,RB,48,5,255,1132,7,61,17.75,3.75,18.98,6,2014
Roy Williams,297.0,DET,26,WR,56,52,6,5,0,1,3.25,0.88,0.1,6,2007
Royce Freeman,64.75,2TM,25,RB,61,8,353,1356,8,70,21.5,3.92,22.52,1,2021
Roydell Williams,266.0,TEN,26,WR,16,14,2,-17,0,0,-6.0,-8.5,-1.1,0,2007
Rudi Johnson,47.67,CIN,25,RB,36,21,593,2478,21,131,39.67,4.13,58.03,4,2004
Russell Gage,238.0,ATL,24,WR,32,12,6,21,0,1,8.5,3.75,0.7,1,2020
Russell Wilson,46.25,SEA,27,QB,64,64,411,2430,12,138,32.75,5.85,38.0,34,2015
Ryan Finley,156.0,CIN,26,QB,8,4,21,143,1,8,23.5,6.85,19.45,4,2020
Ryan Fitzpatrick,141.0,CIN,26,QB,18,15,77,368,4,31,12.67,3.23,13.13,14,2008
Ryan Lindley,203.0,ARI,23,QB,6,4,4,7,0,1,8.0,1.8,1.2,3,2012
Ryan Mallett,179.5,HOU,26,QB,7,2,14,-11,0,2,0.5,-0.7,-1.5,0,2014
Ryan Mathews,19.5,SDG,26,RB,54,46,849,3731,20,166,38.0,4.35,67.93,14,2013
Ryan Moats,94.0,HOU,26,RB,24,1,103,441,4,23,28.0,3.93,19.57,3,2008
Ryan Nassib,253.0,NYG,24,QB,4,0,2,-3,0,0,-1.0,-1.5,-0.8,1,2014
Ryan Plackemeier,304.0,SEA,23,P,16,0,1,0,0,0,0.0,0.0,0.0,0,2007
Ryan Switzer,206.5,PIT,24,WR,32,1,10,26,0,0,5.5,2.4,0.8,3,2018
Ryan Tannehill,91.0,MIA,27,QB,64,64,177,901,5,54,36.75,5.08,14.07,37,2015
Ryan Torain,78.0,WAS,25,RB,20,13,238,1011,6,44,37.33,4.17,44.57,3,2011
Ryan Williams,74.0,ARI,22,RB,5,3,58,164,0,8,25.0,2.8,32.8,2,2012
Ryquell Armstead,123.5,JAX,25,RB,18,1,50,188,0,8,21.0,4.2,23.4,0,2021
Sage Rosenfels,283.5,MIA,25,QB,6,0,3,-10,0,0,-1.5,-2.75,-1.4,0,2003
Sam Bradford,116.5,STL,26,QB,49,49,96,244,2,19,19.5,2.3,4.67,27,2013
Sam Darnold,95.25,CAR,24,QB,50,49,162,639,10,55,32.0,3.88,13.0,29,2021
Sam Koch,285.0,BAL,26,P,16,0,1,9,0,1,9.0,9.0,0.6,0,2008
Sam Martin,247.0,DET,23,P,16,0,2,3,0,0,3.0,1.5,0.2,2,2013
Samaje Perine,117.0,CIN,25,RB,44,9,251,952,4,42,24.0,3.85,16.3,2,2020
Samie Parker,261.5,KAN,26,WR,31,22,4,9,0,0,3.5,2.15,0.25,1,2007
Sammie Coates,204.0,PIT,23,WR,14,5,4,14,0,1,15.0,3.5,1.0,0,2016
Sammie Stroughter,310.0,TAM,24,WR,12,4,1,2,0,1,2.0,2.0,0.2,1,2010
Sammy Morris,134.25,BUF,26,RB,53,9,134,488,6,37,14.75,3.38,10.25,3,2003
Sammy Watkins,282.5,BUF,22,WR,29,29,3,9,0,1,3.0,2.5,0.3,1,2015
Samson Satele,304.0,OAK,26,C,16,15,1,0,0,0,0.0,0.0,0.0,1,2010
Santana Moss,199.5,NYJ,25,WR,51,29,24,127,0,7,11.25,2.65,1.85,8,2004
Santonio Holmes,235.75,PIT,25,WR,60,48,11,45,0,3,10.25,5.72,0.78,11,2009
Saquon Barkley,45.25,NYG,24,RB,44,44,659,2937,19,123,51.25,3.77,55.38,3,2021
Scott Miller,289.25,TAM,25,WR,50,8,8,81,1,4,16.5,10.55,1.95,0,2022
Sean Mannion,215.0,LAR,26,QB,9,1,17,-12,0,4,1.67,-0.83,-1.47,3,2018
Sean Renfree,292.0,ATL,25,QB,2,0,1,-4,0,0,-4.0,-4.0,-2.0,0,2015
Seneca Wallace,165.0,SEA,26,QB,15,4,18,117,0,6,18.5,4.7,7.3,7,2006
Shane Lechler,271.0,OAK,25,P,16,0,1,2,0,0,2.0,2.0,0.1,1,2001
Shane Vereen,88.0,NWE,25,RB,42,8,217,907,7,44,18.75,4.15,20.27,2,2014
Shaun Alexander,20.75,SEA,26,RB,64,44,994,4241,46,229,62.75,4.4,66.28,13,2003
Shaun McDonald,250.0,STL,24,WR,40,3,7,14,0,2,6.33,3.5,0.43,6,2005
Sheldon Richardson,202.0,NYJ,23,RDE,16,15,4,4,2,2,1.0,1.0,0.3,0,2013
Shiloh Keo,286.0,HOU,26,FS,16,11,1,8,0,1,8.0,8.0,0.5,0,2013
Shonn Greene,23.5,NYJ,27,RB,61,31,822,3423,18,163,30.75,4.3,55.5,11,2012
Shyrone Stith,120.0,JAX,22,RB,14,0,20,55,1,3,12.0,2.8,3.9,1,2000
Sinorice Moss,300.0,NYG,24,WR,13,2,1,4,0,0,4.0,4.0,0.3,1,2007
Skyler Green,285.0,CIN,23,WR,7,0,1,1,0,0,1.0,1.0,0.1,0,2007
Sony Michel,26.0,LAR,26,RB,55,35,743,3137,18,199,36.75,4.5,57.05,4,2021
Spencer Larsen,182.0,DEN,27,FB,27,11,17,62,0,6,10.0,4.55,2.2,0,2011
Spencer Ware,99.67,KAN,25,RB,27,16,289,1334,9,71,34.33,4.4,35.8,4,2016
Spergon Wynn,188.0,MIN,23,QB,10,3,11,76,0,5,12.5,6.3,11.2,5,2001
Stanley Havili,174.0,IND,26,RB,28,10,13,29,1,2,6.0,2.35,1.0,0,2013
Stedman Bailey,243.5,STL,24,WR,30,5,3,46,1,2,20.0,14.75,1.5,0,2014
Stefon Diggs,192.0,MIN,25,WR,55,48,24,98,0,6,12.75,3.85,1.7,2,2018
Stepfan Taylor,132.25,ARI,25,RB,61,4,120,393,1,25,16.0,3.23,6.62,0,2016
Stephen Burton,270.0,JAX,24,WR,4,2,1,-9,0,0,-9.0,-9.0,-2.3,0,2013
Stephen McGee,177.5,DAL,26,QB,3,1,17,102,0,5,13.0,6.35,32.5,1,2011
Sterling Shepard,217.0,NYG,26,WR,53,52,16,140,0,6,21.0,8.57,2.9,2,2019
Stevan Ridley,34.5,NWE,25,RB,52,25,649,2817,22,158,36.5,4.35,54.6,9,2014
Steve Breaston,229.0,ARI,27,WR,60,26,9,95,0,5,14.0,10.43,1.65,3,2010
Steve Johnson,282.0,BUF,22,WR,11,1,1,6,0,0,6.0,6.0,0.5,0,2008
Steve Slaton,73.0,2TM,25,RB,45,26,442,1896,13,93,38.5,4.12,35.4,10,2011
Steve Smith Sr.,219.33,CAR,24,WR,46,25,16,81,0,7,16.33,3.53,1.73,18,2003
Steven Jackson,17.25,STL,24,RB,57,46,971,4249,30,197,53.0,4.42,74.2,13,2007
Storm Johnson,115.0,JAX,22,RB,6,1,29,86,2,5,20.0,3.0,14.3,0,2014
T.J. Duckett,36.5,ATL,24,RB,55,13,552,2175,31,124,37.0,3.98,39.33,7,2005
T.J. Graham,239.0,BUF,24,WR,31,17,5,19,0,2,9.5,4.25,0.6,1,2013
T.J. Hockenson,323.0,DET,23,TE,16,16,1,0,0,0,0.0,0.0,0.0,1,2020
T.J. Houshmandzadeh,180.0,CIN,27,WR,16,13,6,51,0,2,16.0,8.5,3.2,0,2004
T.J. Jones,273.0,DET,23,WR,10,0,1,-3,0,0,-3.0,-3.0,-0.3,2,2015
T.J. Logan,247.5,TAM,25,FB,22,0,5,12,0,0,5.5,2.15,0.5,0,2019
T.J. Yates,239.33,HOU,26,QB,13,5,17,56,1,4,6.0,1.2,3.07,8,2013
T.J. Yeldon,47.5,JAX,25,RB,51,30,465,1872,6,73,34.75,4.22,36.9,5,2018
T.Y. Hilton,222.67,IND,25,WR,46,26,9,55,0,3,12.33,6.27,1.2,5,2014
Tab Perry,257.0,CIN,25,WR,20,1,6,22,1,1,6.0,4.67,2.37,2,2007
Taiwan Jones,169.33,OAK,25,RB,40,0,27,117,0,4,13.33,4.23,3.4,3,2013
Tajae Sharpe,324.5,TEN,24,WR,32,23,2,17,0,1,8.5,8.5,0.55,0,2018
Tarik Cohen,78.0,CHI,25,RB,51,22,264,1101,5,57,28.5,4.35,22.23,13,2020
Tarvaris Jackson,108.0,MIN,26,QB,33,19,112,472,4,34,20.0,3.73,13.95,14,2009
Tashard Choice,63.5,3TM,27,RB,61,4,279,1216,9,57,36.0,4.25,19.55,4,2011
Tatum Bell,45.5,DET,26,RB,47,19,525,2524,14,116,43.0,4.78,51.23,10,2007
Tavon Austin,111.0,LAR,26,WR,59,41,125,968,8,47,43.5,9.25,16.05,17,2016
Taylor Jacobs,300.0,WAS,23,WR,15,4,1,-6,0,0,-6.0,-6.0,-0.4,0,2004
Taywan Taylor,171.0,TEN,22,WR,16,4,8,43,0,1,17.0,5.4,2.7,0,2017
Ted Ginn Jr.,203.75,SFO,25,WR,61,35,18,135,2,4,19.5,6.95,2.15,11,2010
Teddy Bridgewater,131.67,MIN,25,QB,30,28,94,398,4,33,11.33,2.6,8.37,11,2017
Tee Higgins,216.0,CIN,21,WR,16,14,5,28,0,1,13.0,5.6,1.8,1,2020
Tee Martin,236.0,OAK,25,QB,3,0,6,36,0,0,8.0,6.8,11.0,3,2003
Terence Newman,284.0,DAL,27,LCB,16,16,1,4,0,0,4.0,4.0,0.3,3,2005
Terrance West,52.5,BAL,26,RB,43,23,465,1816,11,81,26.75,3.77,38.25,7,2017
Terrance Williams,222.0,DAL,24,WR,16,8,3,4,0,0,5.0,1.3,0.3,2,2013
Terrelle Smith,159.0,NOR,24,FB,44,26,39,150,0,6,9.0,2.77,3.57,3,2002
Terry Godwin,317.0,JAX,24,WR,3,0,1,3,0,0,3.0,3.0,1.0,0,2020
Terry McLaurin,275.67,WAS,27,WR,49,49,10,71,0,5,17.0,10.37,1.47,2,2022
Tevin Coleman,35.5,ATL,25,RB,56,20,528,2340,18,102,54.5,4.42,41.15,7,2018
Theo Riddick,108.5,DET,25,RB,54,11,164,566,2,31,18.5,3.1,12.35,1,2016
Thomas Clayton,173.0,2TM,26,RB,3,0,7,17,0,0,5.0,2.4,5.7,0,2010
Thomas Jones,38.0,TAM,25,RB,55,18,499,1891,12,93,42.25,3.75,36.6,13,2003
Thomas Tapeh,179.67,PHI,27,FB,39,16,22,69,0,7,8.33,2.97,2.57,0,2007
Tim Carter,213.33,NYG,26,WR,25,1,11,97,0,5,16.67,9.5,4.43,1,2005
Tim Hightower,41.5,WAS,25,RB,53,41,523,2054,24,112,45.5,3.9,43.12,12,2011
Tim Rattay,200.5,SFO,26,QB,19,3,20,-4,0,2,3.0,-0.28,-0.5,3,2003
Tim Tebow,76.33,NYJ,25,QB,35,16,197,989,12,60,31.33,4.63,26.93,14,2012
Tiquan Underwood,313.0,TAM,25,WR,14,3,1,1,0,0,1.0,1.0,0.1,0,2012
Titus Young,260.0,DET,23,WR,26,17,4,31,0,2,11.0,7.75,1.25,1,2012
Toby Gerhart,71.0,MIN,26,RB,61,6,276,1305,5,64,37.75,5.05,21.38,7,2013
Todd Gurley,5.5,LAR,24,RB,58,57,1042,4547,46,240,47.0,4.4,79.2,11,2018
Todd Heap,213.5,BAL,23,TE,32,32,7,59,0,2,12.0,8.25,1.85,1,2003
Todd Husak,277.0,WAS,22,QB,1,0,1,-1,0,0,-1.0,-1.0,-1.0,0,2000
Todd Pinkston,298.67,PHI,26,WR,46,45,3,-21,0,0,-7.0,-7.0,-0.47,3,2003
Tom Brady,80.33,NWE,26,QB,47,46,120,216,2,38,12.67,1.77,4.57,36,2003
Tom Savage,199.0,HOU,27,QB,13,9,16,8,0,2,5.0,0.5,0.43,11,2017
Tommy Bohanon,211.33,NYJ,25,RB,36,14,20,67,0,5,4.33,2.53,1.6,0,2015
Tommy Stevens,236.0,CAR,24,QB,1,0,4,24,0,2,10.0,6.0,24.0,0,2020
Tony Fiammetta,189.0,DAL,25,FB,24,15,11,26,0,5,7.0,2.05,1.0,0,2011
Tony Hunt,179.5,PHI,23,RB,14,2,14,25,2,7,5.0,1.95,1.75,1,2008
Tony Pollard,41.75,DAL,25,RB,62,6,510,2616,17,125,50.25,5.08,42.08,3,2022
Tony Scheffler,302.5,DEN,25,TE,26,12,2,2,0,0,1.0,1.0,0.05,1,2008
Torrey Smith,222.0,BAL,23,WR,32,30,7,48,0,4,14.5,6.4,1.5,1,2012
Trace McSorley,229.67,ARI,27,QB,9,1,21,79,0,6,8.0,2.83,6.57,2,2022
Travis Benjamin,218.0,CLE,26,WR,54,21,14,134,0,6,25.0,15.68,2.95,8,2015
Travis Henry,19.0,BUF,26,RB,54,48,963,3849,27,212,35.5,3.85,67.25,23,2004
Travis Homer,132.75,SEA,24,RB,49,2,83,453,1,19,32.5,5.53,9.22,1,2022
Travis Kelce,300.0,KAN,27,TE,16,15,1,-5,0,0,-5.0,-5.0,-0.3,0,2016
Travis Minor,64.0,MIA,25,RB,59,4,253,1042,8,56,34.75,4.3,19.07,0,2004
Travis Prentice,76.5,MIN,25,RB,30,11,187,525,9,33,11.5,1.95,16.45,3,2001
Travis Taylor,184.75,BAL,25,WR,57,52,29,224,0,10,20.75,7.45,3.65,1,2003
Trayveon Williams,167.0,CIN,25,RB,23,0,47,238,0,10,27.0,4.8,9.9,1,2022
Tre Mason,40.0,STL,22,RB,25,12,254,972,5,48,52.0,3.55,39.85,5,2015
Tre McBride,282.0,TEN,23,WR,7,0,1,8,0,1,8.0,8.0,1.1,0,2015
Tre'Quan Smith,358.0,NOR,24,WR,14,10,1,3,0,0,3.0,3.0,0.2,1,2020
Tremon Smith,364.0,HOU,25,DB,17,2,1,7,0,0,7.0,7.0,0.4,0,2021
Trent Edwards,126.75,2TM,27,QB,37,33,78,330,3,22,15.75,4.62,9.55,14,2010
Trent Richardson,21.0,IND,24,RB,46,37,614,2032,17,65,27.0,3.3,44.37,7,2014
Trenton Cannon,168.33,2TM,27,RB,42,0,51,150,1,9,12.33,2.53,3.27,1,2021
Trevon Wesco,349.5,NYJ,25,TE,28,5,2,2,0,1,1.0,1.0,0.05,0,2020
Trevor Davis,221.0,3TM,26,WR,30,4,6,86,1,2,34.5,12.4,3.0,3,2019
Trevor Siemian,174.0,DEN,26,QB,26,24,60,183,1,14,9.33,1.7,4.87,9,2017
Trey Quinn,320.0,WAS,23,WR,3,2,1,0,0,0,0.0,0.0,0.0,0,2018
Trindon Holliday,280.0,DEN,27,WR,15,0,1,7,0,0,7.0,7.0,0.5,5,2013
Troy Fleming,173.0,TEN,24,RB,16,0,7,40,0,2,13.0,5.7,2.5,0,2004
Troy Smith,150.75,SFO,26,QB,20,8,52,230,3,18,13.25,4.1,11.38,9,2010
Troy Walters,300.0,IND,27,WR,43,5,4,42,0,2,8.67,8.5,0.93,9,2003
Troy Williamson,265.0,JAX,25,WR,33,12,6,58,0,3,12.67,8.27,1.57,0,2008
Trung Canidate,100.0,WAS,26,RB,46,13,240,1095,7,48,27.0,3.67,21.77,5,2003
Tua Tagovailoa,111.33,MIA,24,QB,36,34,101,307,6,30,19.33,3.0,8.7,16,2022
Ty Johnson,84.25,NYJ,25,RB,62,6,208,925,4,40,32.5,4.55,15.22,3,2022
Ty Montgomery,111.75,2TM,25,WR,42,14,192,932,7,43,30.75,4.75,20.35,4,2018
Tyler Boyd,214.67,CIN,25,WR,46,31,10,84,0,3,18.0,7.27,1.73,3,2019
Tyler Ervin,258.67,2TM,26,RB,26,0,6,25,0,2,6.33,5.33,1.43,5,2019
Tyler Lockett,171.75,SEA,26,WR,63,39,34,261,1,13,30.75,8.53,4.2,4,2018
Tyler Thigpen,161.67,MIA,26,QB,21,12,77,462,3,25,15.33,4.43,14.57,7,2010
Tyreek Hill,136.0,KAN,25,WR,59,42,71,500,4,23,31.0,6.1,7.97,6,2019
Tyrod Taylor,210.5,BAL,25,QB,14,0,27,136,1,10,13.75,3.6,7.35,0,2014
Tyrone Calico,275.0,TEN,23,WR,14,2,1,5,0,0,5.0,5.0,0.4,0,2003
Van Jefferson,305.0,LAR,25,WR,33,17,3,19,0,2,4.5,4.5,0.55,1,2021
Vernand Morency,75.33,GNB,27,RB,39,3,171,726,4,12,26.33,4.07,18.2,4,2007
Vernon Davis,252.5,SFO,24,TE,26,24,3,16,0,1,10.0,6.75,0.6,3,2008
Verron Haynes,99.5,PIT,26,RB,53,0,159,660,3,39,18.25,4.22,12.35,4,2005
Vick Ballard,80.0,IND,23,RB,17,13,224,877,2,56,19.0,4.35,56.95,3,2013
Vince Mayle,251.0,BAL,26,WR,16,0,2,2,1,1,2.0,1.0,0.1,0,2017
Vince Young,87.75,TEN,26,QB,45,39,239,1255,12,79,28.0,4.85,23.88,32,2009
Vincent Jackson,209.0,SDG,25,WR,32,23,7,85,0,3,19.5,11.3,2.65,1,2008
Vinny Sutherland,298.0,SFO,23,WR,15,0,1,16,0,1,16.0,16.0,1.1,1,2001
Virgil Green,243.0,DEN,26,TE,13,9,2,3,0,0,3.0,1.5,0.2,0,2014
Wali Lundy,43.0,HOU,23,RB,14,8,124,476,4,29,35.0,3.8,34.0,1,2006
Wayne Gallman,63.25,NYG,26,RB,53,14,338,1444,9,73,28.75,4.05,26.2,6,2020
Wendell Smallwood,81.0,WAS,25,RB,52,12,233,931,5,57,19.25,3.92,18.5,3,2019
Will Dissly,288.0,SEA,23,TE,6,6,1,7,0,0,7.0,7.0,1.2,1,2019
Will Fuller,265.0,HOU,23,WR,24,23,3,6,0,0,1.0,0.75,0.35,2,2017
Will Grier,172.0,CAR,24,QB,2,2,7,22,0,2,11.0,3.1,11.0,1,2019
William Green,51.5,CLE,26,RB,46,30,568,2109,9,102,38.25,3.77,46.03,12,2005
Willie Ponder,300.0,NYG,25,WR,22,0,2,0,0,0,0.0,0.0,0.0,2,2005
Willis McGahee,11.33,BUF,25,RB,46,40,868,3365,24,186,41.67,3.87,73.03,9,2006
Windrell Hayes,275.0,NYJ,24,WR,8,1,1,2,0,0,2.0,2.0,0.3,0,2000
Xavier Omon,187.5,BUF,24,RB,7,0,11,27,0,1,4.5,2.6,3.45,0,2009
Yamon Figurs,279.67,2TM,27,WR,22,0,3,-7,0,0,-0.33,-2.33,-0.8,5,2010
Zac Stacy,62.0,NYJ,24,RB,35,17,357,1355,9,65,24.67,3.57,34.37,3,2015
Zach Mettenberger,188.5,TEN,24,QB,14,10,14,12,1,3,6.5,0.85,0.85,8,2015
Zach Miller,271.5,JAX,26,TE,58,10,6,24,0,2,5.5,3.75,0.4,0,2010
Zack Moss,50.33,2TM,25,RB,39,3,301,1282,9,70,30.33,4.27,32.87,3,2022
Zay Jones,307.0,2TM,24,WR,31,24,2,3,0,0,1.5,1.5,0.1,1,2019
